word	ipa	language	pos	concept	label
bossa_nova	bɒsənɔvə	english	noun	bossa_nova	1
guerrilla	gərɪlə	english	noun	guerrilla	1
tremolo	trɛməloʊ	english	noun	tremolo	1
tarantula	təræntʃələ	english	noun	tarantula	1
nirvana	nɪrvɑnə	english	noun	nirvana	1
culture	kʌltʃər	english	noun	culture	1
panda	pændə	english	noun	panda	1
number	nʌmbər	english	noun	number	1
madrigal	mædrɪɡəl	english	noun	madrigal	1
banana	bənænə	english	noun	banana	1
oasis	oʊeɪsɪs	english	noun	oasis	1
largo	lɑrɡoʊ	english	noun	largo	1
philosophy	fɪlɒsəfi	english	noun	philosophy	1
zero	zɪroʊ	english	noun	zero	1
ovation	oʊveɪʃən	english	noun	ovation	1
scherzo	skɛrtsoʊ	english	noun	scherzo	1
vicuña	vɪkunjə	english	noun	vicuña	1
futon	futɒn	english	noun	futon	1
gigue	ʒiɡ	english	noun	gigue	1
bicycle	baɪsɪkəl	english	noun	bicycle	1
alcohol	ælkəhɒl	english	noun	alcohol	1
mattress	mætrəs	english	noun	mattress	1
telephone	tɛləfoʊn	english	noun	telephone	1
tariff	tærɪf	english	noun	tariff	1
patio	pɑtioʊ	english	noun	patio	1
vision	vɪʒən	english	noun	vision	1
leitmotif	laɪtmoʊtif	english	noun	leitmotif	1
barracuda	bærəkudə	english	noun	barracuda	1
justice	dʒʌstɪs	english	noun	justice	1
pizzicato	pɪtsɪkɑtoʊ	english	noun	pizzicato	1
fugue	fjuɡ	english	noun	fugue	1
cinema	sɪnəmə	english	noun	cinema	1
sevillana	sɛvijɑnə	english	noun	sevillana	1
desert	dɛzərt	english	noun	desert	1
muñeira	muɲejrə	english	noun	muñeira	1
sudoku	sudoku	english	noun	sudoku	1
helicopter	hɛlɪkɒptər	english	noun	helicopter	1
magazine	mægəzin	english	noun	magazine	1
gesundheit	gəzʊntaɪt	english	noun	gesundheit	1
voodoo	vudu	english	noun	voodoo	1
safari	səfɑri	english	noun	safari	1
tourist	tʊrɪst	english	noun	tourist	1
media	midiə	english	noun	media	1
sake	sɑke	english	noun	sake	1
dolphin	dɒlfɪn	english	noun	dolphin	1
arrangement	əreɪndʒmənt	english	noun	arrangement	1
conductor	kəndʌktər	english	noun	conductor	1
piranha	pɪrɑnə	english	noun	piranha	1
polka	poʊlkə	english	noun	polka	1
kangaroo	kæŋgəru	english	noun	kangaroo	1
submarine	sʌbmərin	english	noun	submarine	1
energy	ɛnərdʒi	english	noun	energy	1
mojo	moʊdʒoʊ	english	noun	mojo	1
anaconda	ænəkɒndə	english	noun	anaconda	1
sextet	sɛkstɛt	english	noun	sextet	1
rondo	rɒndoʊ	english	noun	rondo	1
arpeggio	ɑrpɛdʒoʊ	english	noun	arpeggio	1
rendezvous	rɑndeɪvu	english	noun	meeting	1
façade	fəsɑd	english	noun	façade	1
kabuki	kɑbuki	english	noun	kabuki	1
fresco	frɛskoʊ	english	noun	fresco	1
pasta	pæstə	english	noun	pasta	1
gourmet	ɡʊrmeɪ	english	noun	gourmet	1
sardana	sɑrdɑnə	english	noun	sardana	1
city	sɪti	english	noun	city	1
canon	kænən	english	noun	canon	1
algorithm	ælɡərɪðəm	english	noun	algorithm	1
poltergeist	poʊltərgaɪst	english	noun	poltergeist	1
piano	piænoʊ	english	noun	piano	1
rucksack	rʊksæk	english	noun	rucksack	1
silhouette	sɪluɛt	english	noun	silhouette	1
restaurant	rɛstərɑnt	english	noun	restaurant	1
hinterland	hɪntərlænd	english	noun	hinterland	1
disco	dɪskoʊ	english	noun	disco	1
chocolate	tʃɒklət	english	noun	chocolate	1
cha_cha	tʃɑtʃɑ	english	noun	cha_cha	1
quesadilla	keɪsədijə	english	noun	quesadilla	1
kamikaze	kɑmɪkɑzeɪ	english	noun	kamikaze	1
vaudeville	voʊdəvɪl	english	noun	vaudeville	1
example	ɪɡzæmpəl	english	noun	example	1
lagoon	ləɡun	english	noun	lagoon	1
improvisation	ɪmprəvaɪzeɪʃən	english	noun	improvisation	1
pavane	pəvɑn	english	noun	pavane	1
situation	sɪtʃuəʃən	english	noun	situation	1
program	proʊɡræm	english	noun	program	1
siesta	siɛstə	english	noun	siesta	1
sashimi	sɑʃimi	english	noun	sashimi	1
chinchilla	tʃɪntʃɪlə	english	noun	chinchilla	1
form	fɔrm	english	noun	form	1
presto	prɛstoʊ	english	noun	presto	1
mariachi	mɑriɑtʃi	english	noun	mariachi	1
suite	swit	english	noun	suite	1
international	ɪntərnæʃənəl	english	noun	international	1
plateau	plætoʊ	english	noun	plateau	1
sugar	ʃʊgər	english	noun	sugar	1
boomerang	buməræŋ	english	noun	boomerang	1
kaput	kæpʊt	english	noun	kaput	1
lemon	lɛmən	english	noun	lemon	1
fandango	fændæŋɡoʊ	english	noun	fandango	1
tornado	tɔrneɪdoʊ	english	noun	tornado	1
soprano	səprɑnoʊ	english	noun	soprano	1
geyser	ɡaɪzər	english	noun	geyser	1
table	teɪbəl	english	noun	table	1
nacho	nɑtʃoʊ	english	noun	nacho	1
interest	ɪntrəst	english	noun	interest	1
wanderlust	wɑndərlʌst	english	noun	wanderlust	1
zeitgeist	tsaɪtɡaɪst	english	noun	zeitgeist	1
paper	peɪpər	english	noun	paper	1
pajamas	pədʒɑməz	english	noun	pajamas	1
overture	oʊvərtʃər	english	noun	overture	1
sonata	sənɑtə	english	noun	sonata	1
miso	misoʊ	english	noun	miso	1
premiere	prɪmjɛr	english	noun	premiere	1
ginkgo	ɡɪŋkoʊ	english	noun	ginkgo	1
hazard	hæzərd	english	noun	hazard	1
mass	mæs	english	noun	mass	1
haiku	haɪku	english	noun	haiku	1
cuisine	kwɪzin	english	noun	cuisine	1
shampoo	ʃæmpu	english	noun	shampoo	1
naïve	nɑiv	english	adjective	naïve	1
person	pɜrsən	english	noun	person	1
opera	ɑpərə	english	noun	opera	1
festival	fɛstəvəl	english	noun	festival	1
habanera	hɑbənɛrə	english	noun	habanera	1
serenade	sɛrənɑd	english	noun	serenade	1
rickshaw	rɪkʃɔ	english	noun	rickshaw	1
ballet	bæleɪ	english	noun	ballet	1
fiesta	fiɛstə	english	noun	fiesta	1
canoe	kənu	english	noun	canoe	1
zen	zɛn	english	noun	zen	1
hamburger	hæmbɜrɡər	english	noun	hamburger	1
koala	koʊɑlə	english	noun	koala	1
fortissimo	fɔrtɪsɪmoʊ	english	noun	fortissimo	1
tsunami	sunɑmi	english	noun	tsunami	1
karma	kɑrmə	english	noun	karma	1
ensemble	ɑnsɑmbəl	english	noun	ensemble	1
steppe	stɛp	english	noun	steppe	1
hospital	hɑspɪtəl	english	noun	hospital	1
industry	ɪndəstri	english	noun	industry	1
peninsula	pɪnɪnsjələ	english	noun	peninsula	1
stucco	stʌkoʊ	english	noun	stucco	1
zebra	zibrə	english	noun	zebra	1
octopus	ɒktəpəs	english	noun	octopus	1
cappella	kəpɛlə	english	noun	cappella	1
reggaeton	rɛɡeɪtoʊn	english	noun	reggaeton	1
toboggan	təbɑgən	english	noun	toboggan	1
verboten	vərboʊtən	english	verb	verboten	1
tundra	tʌndrə	english	noun	tundra	1
politics	pɑlətɪks	english	noun	politics	1
family	fæməli	english	noun	family	1
capital	kæpɪtəl	english	noun	capital	1
moment	moʊmənt	english	noun	moment	1
tofu	toʊfu	english	noun	tofu	1
system	sɪstəm	english	noun	system	1
opinion	əpɪnjən	english	noun	opinion	1
gong	ɡɒŋ	english	noun	gong	1
coral	kɔrəl	english	noun	coral	1
prairie	prɛri	english	noun	prairie	1
variation	vɛrieɪʃən	english	noun	variation	1
alpaca	ælpækə	english	noun	alpaca	1
requiem	rɛkwɪɛm	english	noun	requiem	1
intelligence	ɪntɛlədʒəns	english	noun	intelligence	1
quartet	kwɔrtɛt	english	noun	quartet	1
mazurka	məzɜrkə	english	noun	mazurka	1
igloo	ɪɡlu	english	noun	igloo	1
composition	kɒmpəzɪʃən	english	noun	composition	1
iceberg	aɪsbɜrɡ	english	noun	iceberg	1
masquerade	mæskəreɪd	english	noun	masquerade	1
chaconne	ʃəkɒn	english	noun	chaconne	1
chic	ʃik	english	adjective	chic	1
finale	fɪnɑleɪ	english	noun	finale	1
anorak	ænəræk	english	noun	anorak	1
liaison	lieɪzɒn	english	noun	liaison	1
rhapsody	ræpsədi	english	noun	rhapsody	1
penguin	pɛŋɡwɪn	english	noun	penguin	1
violin	vaɪəlɪn	english	noun	violin	1
capybara	kæpɪbɑrə	english	noun	capybara	1
idea	aɪdiə	english	noun	idea	1
fjord	fjɔrd	english	noun	fjord	1
anime	ænɪmeɪ	english	noun	anime	1
taiga	taɪɡə	english	noun	taiga	1
chanson	ʃɑnsɒn	english	noun	chanson	1
marimba	mərɪmbə	english	noun	marimba	1
jota	hoʊtə	english	noun	jota	1
calypso	kəlɪpsoʊ	english	noun	calypso	1
studio	studioʊ	english	noun	studio	1
university	junəvɜrsəti	english	noun	university	1
memory	mɛməri	english	noun	memory	1
octet	ɒktɛt	english	noun	octet	1
burlesque	bɜrlɛsk	english	noun	burlesque	1
mambo	mæmboʊ	english	noun	mambo	1
dune	dun	english	noun	dune	1
corvette	kɔrvɛt	english	noun	corvette	1
telephone	tɛlɪfoʊn	english	noun	telephone	1
samba	sæmbə	english	noun	samba	1
cliché	kliʃeɪ	english	noun	cliché	1
elite	ɪlit	english	noun	elite	1
method	mɛθəd	english	noun	method	1
artist	ɑrtɪst	english	noun	artist	1
souvenir	suvənɪr	english	noun	souvenir	1
yin_yang	jɪnjæŋ	english	noun	yin_yang	1
spiel	ʃpil	english	noun	spiel	1
ramen	rɑmɛn	english	noun	ramen	1
coast	koʊst	english	noun	coast	1
cotton	kɒtən	english	noun	cotton	1
bonanza	bənænzə	english	noun	bonanza	1
vibrato	vaɪbrɑtoʊ	english	noun	vibrato	1
hair	hɛər	english	noun	hair	0
from	frʌm	english	function	from	0
ravine	rəvin	english	noun	ravine	0
make	meɪk	english	verb	make	0
gospel	ɡɒspəl	english	noun	gospel	0
try	traɪ	english	verb	try	0
sky	skaɪ	english	noun	sky	0
tugboat	tʌɡboʊt	english	noun	tugboat	0
cook	kʊk	english	verb	cook	0
bed	bɛd	english	noun	bed	0
sailboat	seɪlboʊt	english	noun	sailboat	0
hope	hoʊp	english	noun	hope	0
beyond	bɪjɑnd	english	function	beyond	0
lead	lid	english	verb	lead	0
run	rʌn	english	verb	run	0
kelp	kɛlp	english	noun	kelp	0
pop	pɒp	english	noun	pop	0
mouth	maʊθ	english	noun	mouth	0
bake	beɪk	english	verb	bake	0
kill	kɪl	english	verb	kill	0
set	sɛt	english	verb	set	0
land	lænd	english	noun	land	0
body	bɑdi	english	noun	body	0
late	leɪt	english	adjective	late	0
fat	fæt	english	adjective	fat	0
teacher	titʃər	english	noun	teacher	0
junk	dʒʌŋk	english	noun	junk	0
window	wɪndoʊ	english	noun	window	0
fight	faɪt	english	verb	fight	0
destroyer	dɪstrɔɪər	english	noun	destroyer	0
door	dɔr	english	noun	door	0
quickly	kwɪkli	english	adverb	quickly	0
well	wɛl	english	adjective	well	0
long	lɔŋ	english	adjective	long	0
i	aɪ	english	function	i	0
in	ɪn	english	function	in	0
right	raɪt	english	adjective	right	0
god	ɡɑd	english	noun	god	0
three	θri	english	adjective	three	0
chair	tʃɛr	english	noun	chair	0
down	daʊn	english	function	down	0
before	bɪfɔr	english	function	before	0
morning	mɔrnɪŋ	english	noun	morning	0
sleep	slip	english	verb	sleep	0
only	oʊnli	english	adjective	only	0
get	ɡɛt	english	verb	get	0
river	rɪvər	english	noun	river	0
move	muv	english	verb	move	0
first	fɜrst	english	adjective	first	0
fire	faɪr	english	noun	fire	0
that	ðæt	english	function	that	0
paint	peɪnt	english	verb	paint	0
of	ʌv	english	function	of	0
slope	sloʊp	english	noun	slope	0
stop	stɒp	english	verb	stop	0
may	meɪ	english	verb	may	0
starfish	stɑrfɪʃ	english	noun	starfish	0
we	wi	english	function	we	0
shirt	ʃɜrt	english	noun	shirt	0
away	əweɪ	english	function	away	0
how	haʊ	english	function	how	0
two	tu	english	adjective	two	0
last	læst	english	adjective	last	0
along	əlɔŋ	english	function	along	0
below	bɪloʊ	english	function	below	0
hold	hoʊld	english	verb	hold	0
four	fɔr	english	adjective	four	0
grass	græs	english	noun	grass	0
punk	pʌŋk	english	noun	punk	0
my	maɪ	english	function	my	0
tree	tri	english	noun	tree	0
cat	kæt	english	noun	cat	0
dead	dɛd	english	adjective	dead	0
pull	pʊl	english	verb	pull	0
left	lɛft	english	adjective	left	0
gorge	ɡɔrdʒ	english	noun	gorge	0
must	mʌst	english	verb	must	0
into	ɪntu	english	function	into	0
arm	ɑrm	english	noun	arm	0
burn	bɜrn	english	verb	burn	0
teach	titʃ	english	verb	teach	0
hang	hæŋ	english	verb	hang	0
sand	sænd	english	noun	sand	0
think	θɪŋk	english	verb	think	0
bring	brɪŋ	english	verb	bring	0
back	bæk	english	noun	back	0
follow	fɑloʊ	english	verb	follow	0
keep	kip	english	verb	keep	0
send	sɛnd	english	verb	send	0
then	ðɛn	english	function	then	0
what	wɒt	english	function	what	0
flower	flaʊər	english	noun	flower	0
folk	foʊk	english	noun	folk	0
day	deɪ	english	noun	day	0
under	ʌndər	english	function	under	0
shore	ʃɔr	english	noun	shore	0
fall	fɔl	english	verb	fall	0
now	naʊ	english	function	now	0
fly	flaɪ	english	verb	fly	0
whale	weɪl	english	noun	whale	0
soon	sun	english	adverb	soon	0
hovercraft	hɒvərkræft	english	noun	hovercraft	0
country	kʌntri	english	noun	country	0
would	wʊd	english	verb	would	0
catch	kætʃ	english	verb	catch	0
fear	fɪr	english	noun	fear	0
night	naɪt	english	noun	night	0
like	laɪk	english	function	like	0
many	mɛni	english	adjective	many	0
than	ðæn	english	function	than	0
always	ɔlweɪz	english	adverb	always	0
will	wɪl	english	verb	will	0
waltz	wɔlts	english	noun	waltz	0
shut	ʃʌt	english	verb	shut	0
life	laɪf	english	noun	life	0
when	wɛn	english	function	when	0
hot	hɑt	english	adjective	hot	0
rain	reɪn	english	noun	rain	0
ask	æsk	english	verb	ask	0
slowly	sloʊli	english	adverb	slowly	0
another	ənʌðər	english	function	another	0
map	mæp	english	noun	map	0
earth	ɜrθ	english	noun	earth	0
today	tədeɪ	english	noun	today	0
not	nɒt	english	function	not	0
blue	blu	english	adjective	blue	0
alone	əloʊn	english	adjective	alone	0
apple	æpəl	english	noun	apple	0
little	lɪtəl	english	adjective	little	0
where	wɛər	english	function	where	0
plant	plænt	english	noun	plant	0
rap	ræp	english	noun	rap	0
learn	lɜrn	english	verb	learn	0
walk	wɔk	english	verb	walk	0
between	bɪtwin	english	function	between	0
free	fri	english	adjective	free	0
be	bi	english	verb	be	0
old	oʊld	english	adjective	old	0
answer	ænsər	english	verb	answer	0
spiritual	spɪrɪtʃuəl	english	noun	spiritual	0
draw	drɔ	english	verb	draw	0
begin	bɪɡɪn	english	verb	begin	0
lay	leɪ	english	verb	lay	0
heavy	hɛvi	english	adjective	heavy	0
talk	tɔk	english	verb	talk	0
never	nɛvər	english	adverb	never	0
up	ʌp	english	function	up	0
after	æftər	english	function	after	0
brown	braʊn	english	adjective	brown	0
seahorse	sihoʊrs	english	noun	seahorse	0
woman	wʊmən	english	noun	woman	0
no	noʊ	english	function	no	0
drop	drɑp	english	verb	drop	0
early	ɜrli	english	adverb	early	0
cut	kʌt	english	verb	cut	0
good	ɡʊd	english	adjective	good	0
use	juz	english	verb	use	0
against	əɡeɪnst	english	function	against	0
pier	pɪr	english	noun	pier	0
over	oʊvər	english	function	over	0
me	mi	english	function	me	0
dream	drim	english	verb	dream	0
reef	rif	english	noun	reef	0
wharf	wɔrf	english	noun	wharf	0
drive	draɪv	english	verb	drive	0
was	wʌz	english	verb	was	0
roof	ruf	english	noun	roof	0
world	wɜrld	english	noun	world	0
can	kæn	english	verb	can	0
find	faɪnd	english	verb	find	0
study	stʌdi	english	verb	study	0
gin	dʒɪn	english	noun	gin	0
five	faɪv	english	adjective	five	0
here	hɪə	english	function	here	0
clean	klin	english	adjective	clean	0
home	hoʊm	english	noun	home	0
internet	ɪntərnɛt	english	noun	internet	0
come	kʌm	english	verb	come	0
so	soʊ	english	function	so	0
punt	pʌnt	english	noun	punt	0
dry	draɪ	english	adjective	dry	0
fast	fæst	english	adjective	fast	0
listen	lɪsən	english	verb	listen	0
let	lɛt	english	verb	let	0
road	roʊd	english	noun	road	0
want	wɒnt	english	verb	want	0
at	æt	english	function	at	0
red	rɛd	english	adjective	red	0
raft	ræft	english	noun	raft	0
year	jɪər	english	noun	year	0
who	hu	english	function	who	0
sister	sɪstər	english	noun	sister	0
the	ði	english	function	the	0
cliff	klɪf	english	noun	cliff	0
sing	sɪŋ	english	verb	sing	0
some	sʌm	english	function	some	0
cool	kul	english	adjective	cool	0
open	oʊpən	english	verb	open	0
count	kaʊnt	english	verb	count	0
son	sʌn	english	noun	son	0
us	ʌs	english	function	us	0
become	bɪkʌm	english	verb	become	0
computer	kəmpjutər	english	noun	computer	0
book	bʊk	english	noun	book	0
wind	wɪnd	english	noun	wind	0
cove	koʊv	english	noun	cove	0
shrimp	ʃrɪmp	english	noun	shrimp	0
black	blæk	english	adjective	black	0
wall	wɔl	english	noun	wall	0
bluegrass	bluɡræs	english	noun	bluegrass	0
clam	klæm	english	noun	clam	0
alcool	alkɔl	french	noun	alcohol	1
finale	final	french	noun	finale	1
sudoku	sudɔku	french	noun	sudoku	1
zeitgeist	tsajtɡajst	french	noun	zeitgeist	1
reggae	ʁɛɡaʒ	french	noun	reggae	1
récitatif	ʀesitatif	french	noun	recitative	1
burrito	buʁito	french	noun	burrito	1
ténor	tenɔr	french	noun	tenor	1
idée	ide	french	noun	idea	1
kamikaze	kamikazə	french	noun	kamikaze	1
tsunami	tsunami	french	noun	tsunami	1
baryton	baʀitɔ̃	french	noun	baritone	1
avatar	avataʁ	french	noun	avatar	1
atoll	ʁesif	french	noun	atoll	1
fandango	fɑ̃dɑ̃ɡɔ	french	noun	fandango	1
judo	ʒydo	french	noun	judo	1
stuc	styk	french	noun	stucco	1
ersatz	ɛʁzats	french	noun	ersatz	1
brigantin	kɔʁvɛt	french	noun	brigantine	1
tofu	tɔfy	french	noun	tofu	1
algorithme	alɡɔʁitm	french	noun	algorithm	1
wasabi	wasabi	french	noun	wasabi	1
expresso	ɛkspʁɛso	french	noun	espresso	1
spiritual	spiʀitɥal	french	noun	spiritual	1
chocolat	ʃɔkɔla	french	noun	chocolate	1
cobra	kɔbʀa	french	noun	cobra	1
taïga	glasje	french	noun	taiga	1
anaconda	anakɔ̃da	french	noun	anaconda	1
staccato	stakato	french	noun	staccato	1
improvisation	ɛ̃pʀɔvizasjɔ̃	french	noun	improvisation	1
yoga	joɡa	french	noun	yoga	1
zouk	zuk	french	noun	zouk	1
muñeira	myɲejɾa	french	noun	muñeira	1
scherzo	skɛʀtso	french	noun	scherzo	1
catamaran	jɔt	french	noun	catamaran	1
photographie	fɔtɔɡʁafi	french	noun	photograph	1
cabiai	kabijɛ	french	noun	capybara	1
matelas	matla	french	noun	mattress	1
kabuki	kabvki	french	noun	kabuki	1
madrigal	madʀiɡal	french	noun	madrigal	1
boomerang	bumɛʁɑ̃ɡ	french	noun	boomerang	1
shampooing	ʃɑ̃pwɛ̃	french	noun	shampoo	1
lama	lama	french	noun	llama	1
magazine	maɡazin	french	noun	magazine	1
pousse-pousse	pusəpusə	french	noun	rickshaw	1
rumba	ʁy̥mbɑ	french	noun	rumba	1
kendo	kɑ̃dɔ	french	noun	kendo	1
mesa	dezɛʁ	french	noun	mesa	1
shiatsu	ʃjɑ̃tsu	french	noun	shiatsu	1
jota	ʒɔta	french	noun	jota	1
programme	pʁɔɡʁam	french	noun	program	1
philosophie	filɔzɔfi	french	noun	philosophy	1
vaudou	vodou	french	noun	voodoo	1
soul	sul	french	noun	soul	1
gospel	ɡɔspɛl	french	noun	gospel	1
orchestration	ɔʀkɛstʀasjɔ̃	french	noun	orchestration	1
samouraï	samuʁaj	french	noun	samurai	1
tornade	tɔʁnad	french	noun	tornado	1
ninja	nɛ̃ʒa	french	noun	ninja	1
fausset	fosɛ	french	noun	falsetto	1
ska	skɑ	french	noun	ska	1
politique	pɔlitik	french	noun	politics	1
yin yang	jɛ̃jɑ̃	french	noun	yin_yang	1
téléphone	telɛfɔn	french	noun	telephone	1
frégate	dɛstʁɔjɛʁ	french	noun	frigate	1
gong	ɡɔ̃	french	noun	gong	1
schadenfreude	ʃadənfrɔjdə	french	noun	schadenfreude	1
sardane	saʁdanə	french	noun	sardana	1
emoji	emɔdʒi	french	noun	emoji	1
galion	ɡɔɛlɛt	french	noun	galleon	1
savane	ajsbɛʁɡ	french	noun	savanna	1
salsa	salsɑ	french	noun	salsa	1
glissando	ɡlisɑ̃do	french	noun	glissando	1
ferry	ɡɔ̃dɔl	french	noun	ferry	1
mambo	mɑ̃bɔ	french	noun	mambo	1
guérilla	ɡeʁija	french	noun	guerrilla	1
opéra	ɔpeʁa	french	noun	opera	1
taco	tako	french	noun	taco	1
péninsule	atɔl	french	noun	peninsula	1
concerto	kɔ̃sɛʀto	french	noun	concerto	1
trio	tʀijo	french	noun	trio	1
fugue	fyɡ	french	noun	fugue	1
ballade	balad	french	noun	ballad	1
zen	zɛ̃	french	noun	zen	1
isthme	aʁʃipɛl	french	noun	isthmus	1
zéro	zeʁo	french	noun	zero	1
techno	tɛknɔ	french	noun	techno	1
rondo	ʀɔ̃do	french	noun	rondo	1
système	sistɛm	french	noun	system	1
pianissimo	pjanisimɔ	french	noun	pianissimo	1
microphone	mikʁɔfɔn	french	noun	microphone	1
saké	sakɛ	french	noun	sake	1
gin	ʒɛ̃	french	noun	gin	1
merengue	meʁɑ̃ɡə	french	noun	merengue	1
comédie	kɔmedi	french	noun	comedy	1
girafe	ʒiʁaf	french	noun	giraffe	1
économie	ekɔnɔmi	french	noun	economy	1
prélude	pʀelyd	french	noun	prelude	1
legato	lɛɡato	french	noun	legato	1
septuor	sɛptɥɔʀ	french	noun	septet	1
miso	mizo	french	noun	miso	1
kimono	kimɔnɔ	french	noun	kimono	1
algèbre	alʒɛbʁ	french	noun	algebra	1
punk	pœ̃k	french	noun	punk	1
tequila	tɛlikɑ	french	noun	tequila	1
mojo	moʒo	french	noun	mojo	1
gourou	guʁu	french	noun	guru	1
safari	safaʁi	french	noun	safari	1
country	kuntri	french	noun	country	1
aria	aʀja	french	noun	aria	1
quintette	kɛ̃tɛt	french	noun	quintet	1
aurresku	awɾesku	french	noun	aurresku	1
pâtes	past	french	noun	pasta	1
sandwich	sɑ̃dviʃ	french	noun	sandwich	1
andante	ɑ̃dɑ̃t	french	noun	andante	1
roche	ʁɔʃ	french	noun	rock	1
vallenato	valənato	french	noun	vallenato	1
canyon	kanejɔ̃	french	noun	canyon	1
caravelle	bʁiɡɑ̃tɛ̃	french	noun	caravel	1
tango	tɑ̃ɡɔ	french	noun	tango	1
toboggan	tɔbɔɡan	french	noun	toboggan	1
rhum	ʁœ̃	french	noun	rum	1
jazz	ʒaz	french	noun	jazz	1
leitmotiv	lajtmɔtif	french	noun	leitmotif	1
émotion	emɔsjɔ̃	french	noun	emotion	1
vodka	vɔdka	french	noun	vodka	1
bossa nova	bɔsanɔva	french	noun	bossa_nova	1
panda	pɑ̃da	french	noun	panda	1
matériau	mateʁijo	french	noun	material	1
cadence	kadɑ̃s	french	noun	cadenza	1
nirvana	niʁvana	french	noun	nirvana	1
kayak	kajak	french	noun	kayak	1
canoë	katamaʁɑ̃	french	noun	canoe	1
ginkgo	ʒɛ̃ɡɡɔ	french	noun	ginkgo	1
calypso	kalipsɔ	french	noun	calypso	1
koala	koala	french	noun	koala	1
poltergeist	pɔltəʁɡajst	french	noun	poltergeist	1
banjo	bɑ̃ʒo	french	noun	banjo	1
anorak	anɔʁak	french	noun	anorak	1
motet	mɔtɛ	french	noun	motet	1
futon	fytɔ̃	french	noun	futon	1
variation	vaʀjasjɔ̃	french	noun	variation	1
macho	matʃo	french	noun	macho	1
habanera	abanaʁa	french	noun	habanera	1
trémolo	tʀemolo	french	noun	tremolo	1
tarentelle	taʁɑ̃tɛl	french	noun	tarantella	1
nuit	nɥi	french	noun	night	0
accrocher	akʁɔʃe	french	verb	hang	0
cheveux	ʃəvø	french	noun	hair	0
laisser	lɛse	french	verb	let	0
chœur	kœʀ	french	noun	chorus	0
voiture	vwatyʁ	french	noun	car	0
loin	lwɛ̃	french	adjective	far	0
chant de noël	ʃɑ̃dnɔɛl	french	noun	carol	0
est	ɛ	french	noun	east	0
galet	falɛz	french	noun	pebble	0
boutre	ɡaljɔ̃	french	noun	dhow	0
gourmet	ɡuʁmɛ	french	noun	gourmet	0
étoile de mer	etwaldəmɛʀ	french	noun	starfish	0
triste	tʁist	french	adjective	sad	0
bouger	buʒe	french	verb	move	0
compter	kɔ̃te	french	verb	count	0
plein	plɛ̃	french	adjective	full	0
énergie	eneʁʒi	french	noun	energy	0
courir	kuʁiʁ	french	verb	run	0
dans	dɑ̃	french	function	into	0
roi	ʁwa	french	noun	king	0
tuer	tɥe	french	verb	kill	0
sol	sɔl	french	noun	floor	0
bientôt	bjɛ̃to	french	adverb	soon	0
tempête	tɑ̃pɛt	french	noun	storm	0
œil	œj	french	noun	eye	0
chaise	ʃɛz	french	noun	chair	0
le long de	ləlɔ̃ɡdə	french	function	along	0
canot	kanɔɛ	french	noun	dinghy	0
goélette	fʁeɡat	french	noun	schooner	0
bourrée	buʀe	french	noun	bourree	0
péniche	pœ̃t	french	noun	barge	0
nocturne	nɔktyʀn	french	noun	nocturne	0
international	ɛ̃tɛʁnasjɔ̃nal	french	noun	international	0
être	ɛtʁə	french	verb	be	0
produit	pʁɔdɥi	french	noun	product	0
étudiant	etydjɑ̃	french	noun	student	0
jambe	ʒɑ̃b	french	noun	leg	0
pied	pje	french	noun	foot	0
crête	sɔmɛ	french	noun	ridge	0
blanc	blɑ̃	french	adjective	white	0
moule	mul	french	noun	mussel	0
tu	ty	french	function	you	0
sommet	ɡɔʁʒ	french	noun	summit	0
méduse	medyz	french	noun	jellyfish	0
se battre	səbatʁ	french	verb	fight	0
enfant prodige	ɑ̃fɑ̃pʁɔdiʒ	french	noun	wunderkind	0
bleu	blø	french	adjective	blue	0
au-delà	ɔdela	french	function	beyond	0
chien	ʃjɛ̃	french	noun	dog	0
récolte	ʁekɔlt	french	noun	harvest	0
écrire	ekʁiʁ	french	verb	write	0
envoyer	ɑ̃vwaje	french	verb	send	0
vision	vizjɔ̃	french	noun	vision	0
frais	fʁɛ	french	adjective	cool	0
destroyer	kano	french	noun	destroyer	0
demander	dəmande	french	verb	ask	0
ne pas	nəpa	french	function	not	0
pomme	pɔm	french	noun	apple	0
attraper	atʃapə	french	verb	catch	0
avant	avɑ̃	french	function	before	0
situation	sitɥasjɔ̃	french	noun	situation	0
rendezvous	ʁɑ̃devu	french	noun	meeting	0
minute	minyt	french	noun	minute	0
rocher	pɑ̃t	french	noun	boulder	0
commencer	kɔ̃mɑ̃se	french	verb	start	0
n'importe quel	nɔ̃tʁəkɛl	french	function	any	0
je	ʒə	french	function	i	0
sauter	sote	french	verb	jump	0
encore	ɑ̃kɔʁ	french	adverb	again	0
ce	sə	french	function	this	0
cinq	sɛ̃k	french	adjective	five	0
donner	dɔne	french	verb	give	0
vaudeville	vodvil	french	noun	vaudeville	0
place	plas	french	noun	plaza	0
essayer	eseje	french	verb	try	0
partir	paʁtiʁ	french	verb	leave	0
liaison	ljɛzɔ̃	french	noun	liaison	0
fête	fɛt	french	noun	fest	0
désert	pʁɛʁi	french	noun	desert	0
forme	fɔʁm	french	noun	form	0
famille	famij	french	noun	family	0
ici	isi	french	function	here	0
fermer	fɛʁme	french	verb	close	0
que	kə	french	function	that	0
citron	sitʁɔ̃	french	noun	lemon	0
fermer	fɛʁme	french	verb	shut	0
lune	lyn	french	noun	moon	0
aussi	osɛ	french	adverb	also	0
volonté	vɔlɑ̃tid	french	verb	will	0
quatre	katʁ	french	adjective	four	0
grand	ɡʁɑ̃	french	adjective	big	0
livre	livʁ	french	noun	book	0
casser	kaʁe	french	verb	break	0
objet	ɔbʒɛ	french	noun	object	0
venir	vən	french	verb	come	0
jeune	ʒœ̃	french	adjective	young	0
chanson	ʃɑ̃sɔ̃	french	noun	chanson	0
première	pʁəmjɛʁ	french	noun	premiere	0
naïf	naif	french	adjective	naïve	0
intérêt	ɛ̃tɛʁɛ	french	noun	interest	0
algues	anemɔn	french	noun	algae	0
quand	kɑ̃	french	function	when	0
froid	fʁwa	french	adjective	cold	0
rouge	ʁuʒ	french	adjective	red	0
jardin d'enfants	ʒaʁdɛ̃dɑ̃fɑ̃	french	noun	kindergarten	0
conduire	kɔ̃dyʁ	french	verb	drive	0
peu	pø	french	adverb	few	0
où	u	french	function	where	0
creuser	kœɡə	french	verb	dig	0
voler	vɔle	french	verb	fly	0
ovation	ɔvasjɔ̃	french	noun	ovation	0
aéroglisseur	peniʃ	french	noun	hovercraft	0
commencer	kɔ̃mɑ̃se	french	verb	begin	0
maison	mɛzɔ̃	french	noun	home	0
voir	vwaʁ	french	verb	see	0
homard	ɔmaʀ	french	noun	lobster	0
ballet	balɛ	french	noun	ballet	0
pente	pik	french	noun	slope	0
personne	pɛʁsɔn	french	noun	person	0
travailler	tʁavaje	french	verb	work	0
aussi	osi	french	adverb	too	0
remorqueur	fɛʁi	french	noun	tugboat	0
épicerie fine	episʁifin	french	noun	delicatessen	0
crabe	kʀab	french	noun	crab	0
coquille saint-jacques	mul	french	noun	scallop	0
papier	papje	french	noun	paper	0
penser	pɑ̃se	french	verb	think	0
lagon	vaʁɛk	french	noun	lagoon	0
temps	tɑ̃	french	noun	time	0
nom	nɔm	french	noun	name	0
jet-ski	ʒɛski	french	noun	jetski	0
disco	disko	french	noun	disco	0
or	ɔʁ	french	function	gold	0
tirer	tiʁe	french	verb	pull	0
algues	plɑ̃ktɔ̃	french	noun	seaweed	0
construire	kɔ̃stʁɥiʁ	french	verb	build	0
bicyclette	bisiklɛt	french	noun	bicycle	0
autre	otʁ	french	adjective	other	0
un autre	ynotʁə	french	function	another	0
de	də	french	function	of	0
éteint	etɛ̃	french	adjective	off	0
étaient	etɛ	french	verb	were	0
chat	ʃa	french	noun	cat	0
lentement	lɑ̃tmɑ̃	french	adverb	slowly	0
poser	poze	french	verb	lay	0
faire	fɛʁə	french	verb	do	0
super	sypɛʁ	french	noun	uber	0
à	a	french	function	to	0
chaud	ʃo	french	adjective	warm	0
seul	sœl	french	adjective	only	0
le	lə	french	function	the	0
marcher	maʁʃe	french	verb	walk	0
à	a	french	function	at	0
nation	nasjɔ̃	french	noun	nation	0
moi	mwa	french	function	me	0
fenêtre	fənɛtʁ	french	noun	window	0
menuet	mənɥɛ	french	noun	minuet	0
rapidement	ʁapidmɑ̃	french	adverb	quickly	0
poulpe	pulp	french	noun	octopus	0
fonction	fɔ̃ksjɔ̃	french	noun	function	0
burlesque	byʁlɛsk	french	noun	burlesque	0
étudier	etydjɛ	french	verb	study	0
hôpital	opital	french	noun	hospital	0
corvette	kʁwazœʁ	french	noun	corvette	0
regarder	ʁəɡaʁde	french	verb	look	0
palourde	ɥitʁ	french	noun	clam	0
plateau	mɛza	french	noun	plateau	0
chaud	ʃo	french	adjective	hot	0
maison	mɛzɔ̃	french	noun	house	0
pic	ʁavɛ̃	french	noun	peak	0
cabaret	kabaʁɛ	french	noun	cabaret	0
désir de voyager	dezidəvwajaʒe	french	noun	wanderlust	0
mener	məne	french	verb	lead	0
sous-marin	ʁado	french	noun	submarine	0
ensemble	ɑ̃sɑ̃bl	french	noun	ensemble	0
entendre	ɑ̃tɑ̃dʁ	french	verb	hear	0
dune	ɡalɛ	french	noun	dune	0
de	də	french	function	from	0
heureux	øʁø	french	adjective	happy	0
danger	dɑ̃ʒe	french	noun	hazard	0
sable	ʁɔʃe	french	noun	sand	0
population	pɔpylasjɔ̃	french	noun	population	0
centre	sɑ̃tʁ	french	noun	center	0
à propos de	apʁɔpo	french	function	about	0
culture	kyltyʁ	french	noun	culture	0
médias	medja	french	noun	media	0
chose	ʃoz	french	noun	thing	0
eux	ø	french	function	them	0
nous	nu	french	function	we	0
ami	ami	french	noun	friend	0
les deux	lezwazo	french	function	both	0
seul	sœl	french	adjective	alone	0
quelque	kɛlkə	french	function	some	0
beaucoup	boku	french	adjective	many	0
quoi	kwa	french	function	what	0
bord	bɔʁ	french	function	edge	0
lait	lɛ	french	noun	milk	0
beaucoup	boku	french	adverb	much	0
toit	twa	french	noun	roof	0
rivage	dyn	french	noun	shore	0
baratin	baʁatɛ̃	french	noun	spiel	0
huître	herearetheipatranscriptionsforthefrenchwordsyouprovided:	french	noun	oyster	0
corps	kɔʁ	french	noun	body	0
nourriture	nuʁityʁ	french	noun	food	0
lourd	luʁ	french	adjective	heavy	0
champagne	ʃɑ̃paɲ	french	noun	champagne	0
requiem	ʀekjɛm	french	noun	requiem	0
entre	ɑ̃tʁə	french	function	between	0
profond	pʁɔfɔ̃	french	adjective	deep	0
matin	matɛ̃	french	noun	morning	0
souffler	sufle	french	verb	blow	0
enseigner	ɑ̃sɛɲɛ	french	verb	teach	0
apporter	bʁɔʁe	french	verb	bring	0
près	pʁɛ	french	function	near	0
bureau	byʁo	french	noun	office	0
trouver	tʁuve	french	verb	find	0
autour de	aʁɔ̃də	french	function	around	0
restaurant	ʁɛstɔʁɑ̃	french	noun	restaurant	0
région	ʁeʒjɔ̃	french	noun	region	0
école	ekɔl	french	noun	school	0
animal	animal	french	noun	animal	0
terre	tɛʁ	french	noun	land	0
fort	fɔʁ	french	adjective	strong	0
monde	mɔ̃d	french	noun	world	0
toujours	tujouʁ	french	adverb	always	0
exemple	ɛɡzɑ̃pl	french	noun	example	0
jour	ʒuʁ	french	noun	day	0
fin	fɛ̃	french	noun	end	0
aubaine	obɛn	french	noun	bonanza	0
crevette	kʀəvɛt	french	noun	shrimp	0
sur	syʁ	french	function	on	0
grandir	gʁɑ̃diʁ	french	verb	grow	0
capitale	kapital	french	noun	capital	0
cœur	kœʁ	french	noun	heart	0
cliché	kliʃe	french	noun	cliché	0
devenir	dəvniʁ	french	verb	become	0
banque	bɑ̃k	french	noun	bank	0
allemande	almɑ̃d	french	noun	allemande	0
bon	bɔ̃	french	adjective	good	0
université	ynivɛʁsite	french	noun	university	0
vendre	vɑ̃dʁə	french	verb	sell	0
sombre	sɔmɛʁ	french	adjective	dark	0
jetée	pɔʁ	french	noun	pier	0
sentir	sɑ̃tiʁ	french	verb	feel	0
dernier	dɛʁnje	french	adjective	last	0
hymne	imn	french	noun	hymn	0
fête	fɛt	french	noun	fiesta	0
sosie	sɔzi	french	noun	doppelganger	0
résumé	ʁezyme	french	noun	résumé	0
justice	ʒystys	french	noun	justice	0
enfer	ɑ̃fɛʁ	french	noun	inferno	0
genre	ʒɑ̃ʁʁ	french	noun	genre	0
porte	pɔʁt	french	noun	door	0
deux	dø	french	adjective	two	0
long	lɔ̃	french	adjective	long	0
métal	metal	french	noun	metal	0
instrument	ɛ̃stʁymɑ̃	french	noun	instrument	0
ouvrir	uvʁiʁ	french	verb	open	0
lire	liʁ	french	verb	read	0
sembler	sɑ̃blə	french	verb	seem	0
chœur	kœʀ	french	noun	choir	0
en bas	ɑ̃ba	french	function	down	0
libre	libʁ	french	adjective	free	0
plante	plɑ̃t	french	noun	plant	0
il	il	french	function	it	0
apprendre	apʁɑ̃dʁ	french	verb	learn	0
parmi	paʁmi	french	function	among	0
interdit	ɛ̃tɛʁdi	french	verb	verboten	0
encore	ɑ̃kɔʁ	french	adverb	yet	0
silhouette	silwɛt	french	noun	silhouette	0
écouter	ekoute	french	verb	listen	0
rêve	ʁɛv	french	verb	dream	0
brun	bʁœ̃	french	adjective	brown	0
mesa	meza	german	noun	mesa	1
avatar	avaˌtaɐ̯	german	noun	avatar	1
cancan	kãkã	german	noun	cancan	1
universität	univeʁzitɛt	german	noun	university	1
techno	tɛkno	german	noun	techno	1
solist	zolɪst	german	noun	soloist	1
vaudeville	vodəvil	german	noun	vaudeville	1
fiesta	fiɛsta	german	noun	fiesta	1
sake	sake	german	noun	sake	1
bonanza	bonantsa	german	noun	bonanza	1
tarantel	taʁãtɛl	german	noun	tarantula	1
gin	dʒɪn	german	noun	gin	1
rap	ʁap	german	noun	rap	1
guru	guʁu	german	noun	guru	1
polka	pɔlka	german	noun	polka	1
objekt	ɔbˌjɛkt	german	noun	object	1
pizza	pitsa	german	noun	pizza	1
schokolade	ʃokoladə	german	noun	chocolate	1
grunge	ɡʁʊndʒ	german	noun	grunge	1
anime	anime	german	noun	anime	1
mojo	modʒo	german	noun	mojo	1
patio	patio	german	noun	patio	1
gavotte	ɡavɔt	german	noun	gavotte	1
oktopus	ɔktopʊs	german	noun	octopus	1
judo	dʒudo	german	noun	judo	1
bass	bas	german	noun	bass	1
tarif	taʁif	german	noun	tariff	1
andante	andante	german	noun	andante	1
kabarett	kabaʁɛt	german	noun	cabaret	1
zucker	tsʊkɐ	german	noun	sugar	1
energie	eneʁgi	german	noun	energy	1
reggae	ʁɛɡe	german	noun	reggae	1
variation	vaʁiatsion	german	noun	variation	1
finale	finale	german	noun	finale	1
kino	kino	german	noun	cinema	1
studio	studio	german	noun	studio	1
adagio	adadʒio	german	noun	adagio	1
algebra	alɡebʁa	german	noun	algebra	1
ninja	nɪnd͡ʒa	german	noun	ninja	1
dekor	dekɔʁ	german	noun	décor	1
karma	kaʁma	german	noun	karma	1
interludium	ɪntɛʁludiʊm	german	noun	interlude	1
wok	vɔk	german	noun	wok	1
scherzo	ʃɛʁtso	german	noun	scherzo	1
rezitativ	ʁetsitativ	german	noun	recitative	1
problem	pʁoblɛm	german	noun	problem	1
resümee	ʁezyme	german	noun	résumé	1
moment	momɛnt	german	noun	moment	1
futon	futɔn	german	noun	futon	1
naiv	naif	german	adjective	naïve	1
fresko	fʁɛsko	german	noun	fresco	1
ska	ska	german	noun	ska	1
gospel	ɡɔspɛl	german	noun	gospel	1
chinchilla	tʃɪntʃɪla	german	noun	chinchilla	1
fantasie	fantazi	german	noun	fantasia	1
pasta	pasta	german	noun	pasta	1
ramen	ʁamɛn	german	noun	ramen	1
rumba	ʁumba	german	noun	rumba	1
cha-cha	tʃatʃa	german	noun	cha_cha	1
oper	opɐ	german	noun	opera	1
komödie	komødiə	german	noun	comedy	1
disco	dɪsko	german	noun	disco	1
stuck	ʃtʊk	german	noun	stucco	1
karneval	kaʁneval	german	noun	carnival	1
samba	zamba	german	noun	samba	1
bushido	buʃido	german	noun	bushido	1
programm	pʁoɡʁam	german	noun	program	1
nirvana	nɪʁvana	german	noun	nirvana	1
banjo	bandʒo	german	noun	banjo	1
pyjama	pydʒama	german	noun	pajamas	1
zouk	zuk	german	noun	zouk	1
gong	ɡɔŋ	german	noun	gong	1
ovation	ovatsion	german	noun	ovation	1
tremolo	tʁemolo	german	noun	tremolo	1
largo	laʁɡo	german	noun	largo	1
burleske	bʊʁlɛskə	german	noun	burlesque	1
yoga	joɡa	german	noun	yoga	1
menuett	mɛnyʊɛt	german	noun	minuet	1
bariton	baʁiton	german	noun	baritone	1
fado	fado	german	noun	fado	1
pop	pɔp	german	noun	pop	1
idee	ide	german	noun	idea	1
bachata	batʃata	german	noun	bachata	1
spiritual	ʃpɪʁitual	german	noun	spiritual	1
taco	tako	german	noun	taco	1
känguru	kɛŋguʁu	german	noun	kangaroo	1
capybara	kapibaʁa	german	noun	capybara	1
bumerang	buməʁaŋ	german	noun	boomerang	1
canyon	kɛnjɔn	german	noun	canyon	1
bungalow	bʊŋgalo	german	noun	bungalow	1
produkt	pʁodʊkt	german	noun	product	1
tempura	tempura	german	noun	tempura	1
komposition	kompozitsion	german	noun	composition	1
motiv	motiv	german	noun	motif	1
tarantella	tarantɛla	german	noun	tarantella	1
sudoku	sudoku	german	noun	sudoku	1
habanera	abanɛʁa	german	noun	habanera	1
tycoon	taikun	german	noun	tycoon	1
conga	kɔŋɡa	german	noun	conga	1
null	nʊl	german	noun	zero	1
rikscha	ʁɪkʃa	german	noun	rickshaw	1
thema	tema	german	noun	theme	1
fortissimo	fɔʁtɪsimo	german	noun	fortissimo	1
rhapsodie	ʁapsodi	german	noun	rhapsody	1
tequila	tekila	german	noun	tequila	1
siesta	ziɛsta	german	noun	siesta	1
orchestrierung	ɔʁkɛstʁiʁʊŋ	german	noun	orchestration	1
ballade	baladə	german	noun	ballad	1
quesadilla	kesadiʎa	german	noun	quesadilla	1
vallenato	balenato	german	noun	vallenato	1
yin yang	jinjaŋ	german	noun	yin_yang	1
giraffe	ʒiʁafə	german	verb	make	1
falsett	falcet	german	noun	falsetto	1
präsident	pʁɛzidɛnt	german	noun	president	1
toccata	tokata	german	noun	toccata	1
felsen	fɛlsn̩	german	noun	rock	1
eisberg	aɪ̯sbɛʁk	german	noun	iceberg	1
situation	zituat͡si̯on	german	noun	situation	1
septett	zɛptɛt	german	noun	septet	1
symphonie	zʏmfoni	german	noun	symphony	1
trimaran	tʁimaʁan	german	noun	trimaran	1
barrakuda	baʁakuda	german	noun	barracuda	1
soul	zoʊl	german	noun	soul	1
präludium	pʁɛludiʊm	german	noun	prelude	1
gigue	ʒiɡə	german	noun	gigue	1
maestro	maestro	german	noun	maestro	1
atoll	atɔl	german	noun	atoll	1
cumbia	kumbia	german	noun	cumbia	1
allemande	aləmãdə	german	noun	allemande	1
blues	blus	german	noun	blues	1
serenade	zeʁenadə	german	noun	serenade	1
fandango	fandango	german	noun	fandango	1
funktion	fʊŋkt͡si̯on	german	noun	function	1
koralle	koʁalə	german	noun	coral	1
arpeggio	aʁpedʒo	german	noun	arpeggio	1
alpaka	alpaka	german	noun	alpaca	1
souvenir	suvəniʁ	german	noun	souvenir	1
tango	taŋɡo	german	noun	tango	1
merengue	merɛŋɡe	german	noun	merengue	1
crescendo	kʁeʃɛndo	german	noun	crescendo	1
silhouette	zilʊɛt	german	noun	silhouette	1
yacht	jatʃt	german	noun	yacht	1
ginkgo	ɡɪŋko	german	noun	ginkgo	1
organisation	ɔʁɡanizat͡si̯on	german	noun	organization	1
jazz	dʒɛz	german	noun	jazz	1
cappuccino	kaputtʃino	german	noun	cappuccino	1
telefon	telefon	german	noun	telephone	1
sevillana	seviʎana	german	noun	sevillana	1
mikrofon	mikrofon	german	noun	microphone	1
burrito	buʁito	german	noun	burrito	1
internet	ɪntɐnɛt	german	noun	internet	1
shiatsu	ʃiatsu	german	noun	shiatsu	1
kanu	kanu	german	noun	canoe	1
kultur	kʊltuɐ̯	german	noun	culture	1
foto	foto	german	noun	photo	1
anemone	anemonə	german	noun	anemone	1
philosophie	filozofi	german	noun	philosophy	1
rock	ʁɔk	german	noun	rock	1
polizei	polit͡saɪ	german	noun	police	1
tourist	tuʁɪst	german	noun	tourist	1
iglu	iɡlu	german	noun	igloo	1
dschungel	dʃʊŋəl	german	noun	jungle	1
oratorium	oʁatoʁiʊm	german	noun	oratorio	1
region	ʁeɡion	german	noun	region	1
liaison	liazɔ̃	german	noun	liaison	1
information	ɪnfɔʁmat͡si̯on	german	noun	information	1
zirkus	tsɪʁkʊs	german	noun	circus	1
quartett	kvaʁtɛt	german	noun	quartet	1
schule	ʃulə	german	noun	school	1
matratze	matʁatsə	german	noun	mattress	1
inferno	ɪnfɛʁno	german	noun	inferno	1
wasabi	vasabi	german	noun	wasabi	1
wirtschaft	vɪʁtʃaft	german	noun	economy	1
staccato	stakato	german	noun	staccato	1
industrie	ɪndʊstʁi	german	noun	industry	1
samurai	zamuʁaɪ	german	noun	samurai	1
kobra	kobʁa	german	noun	cobra	1
gala	ɡala	german	noun	gala	1
sumo	sumo	german	noun	sumo	1
pinguin	pɪŋɡuin	german	noun	penguin	1
alt	alt	german	noun	alto	1
mazurka	mazuʁka	german	noun	mazurka	1
chaconne	ʃakɔnə	german	noun	chaconne	1
kendo	kɛndo	german	noun	kendo	1
plateau	plato	german	noun	plateau	1
kantate	kantatə	german	noun	cantata	1
rodeo	ʁodeo	german	noun	rodeo	1
gourmet	ɡuʁmɛ	german	noun	gourmet	1
sushi	zuʃi	german	noun	sushi	1
allegro	aleɡʁo	german	noun	allegro	1
pier	piɐ̯	german	noun	pier	1
warm	vaʁm	german	adjective	warm	0
lied	lit	german	noun	lied	0
füllen	fʏlən	german	verb	fill	0
guerrilla	gɛʁiʎa	german	adjective	hot	0
küste	kʏstə	german	noun	coast	0
hang	haŋ	german	noun	slope	0
poncho	pɔntʃo	german	noun	banana	0
hügel	hyɡl̩	german	noun	butte	0
über	ybɐ	german	function	about	0
sie	zi	german	function	them	0
dass	das	german	function	that	0
mein	maɪn	german	function	my	0
schlucht	ʃlʊxt	german	noun	ravine	0
hoch	hox	german	adjective	high	0
poltergeist	pɔltɐɡaɪst	german	noun	poltergeist	0
nein	naɪn	german	function	no	0
töten	tøtən	german	verb	kill	0
nach	naχ	german	function	after	0
zahl	t͡sal	german	noun	number	0
klein	klaɪn	german	adjective	small	0
schwarz	ʃvaʁt͡s	german	adjective	black	0
stoppen	ʃtɔpn̩	german	verb	stop	0
jahr	jaɐ̯	german	noun	year	0
kühl	kyl	german	adjective	cool	0
sprechen	ʃpʁɛçən	german	verb	talk	0
jenseits	jɛnzaɪ̯ts	german	function	beyond	0
fallen lassen	falənlasən	german	verb	drop	0
shampoo	ʃampu	german	verb	cook	0
lastkahn	lastkan	german	noun	barge	0
platz	plats	german	adjective	big	0
wissenschaft	vɪsnʃaft	german	noun	science	0
nacho	natʃo	german	adverb	never	0
zwei	tsvaɪ	german	adjective	two	0
warum	vaʁʊm	german	function	why	0
vulkan	vʊlkan	german	verb	love	0
welche	vɛlçə	german	function	which	0
blitz	blɪt͡s	german	noun	sister	0
müssen	mʏsn̩	german	verb	must	0
jeder	jedɐ	german	function	each	0
zeigen	tsaɪɡn̩	german	verb	show	0
licht	lɪçt	german	noun	light	0
lassen	lasən	german	verb	let	0
wanderlust	vandɐlʊst	german	noun	mother	0
hinterland	hɪntɐlant	german	noun	student	0
patio	patio	german	adjective	small	0
schuh	ʃu	german	noun	shoe	0
guru	guʁu	german	verb	paint	0
doppelgänger	dɔpl̩ɡɛŋɐ	german	noun	doppelganger	0
hängen	haŋən	german	verb	hang	0
schlafen	ʃlafn̩	german	verb	sleep	0
haben	habən	german	verb	have	0
fresko	fʁɛsko	german	noun	flower	0
bucht	bʊxt	german	noun	bay	0
blau	blaʊ̯	german	adjective	blue	0
rucksack	ʁʊksak	german	noun	rucksack	0
kommen	kɔmən	german	verb	come	0
zeitgeist	t͡saɪtɡaɪst	german	noun	zeitgeist	0
segelboot	zeɡəlbot	german	noun	sailboat	0
kann	kan	german	verb	may	0
lernen	lɛʁnən	german	verb	learn	0
zitrone	tsitʁonə	german	verb	sing	0
spät	ʃpɛt	german	adjective	late	0
können	kœnən	german	verb	can	0
macho	matʃo	german	verb	learn	0
fett	fɛt	german	adjective	fat	0
vor	foɐ̯	german	function	before	0
ufer	ʔufɐ	german	noun	shore	0
kaffee	kafe	german	noun	coffee	0
kaufen	kaʊfən	german	verb	buy	0
wollen	vɔlən	german	verb	want	0
baumwolle	baʊmvɔlə	german	verb	open	0
küche	kʏçə	german	noun	cuisine	0
gott	ɡɔt	german	noun	god	0
beispiel	baɪʃpil	german	noun	example	0
unser	ʊnzɐ	german	function	our	0
nirwana	nɪʁvana	german	verb	build	0
verboten	fɛrboten	german	verb	verboten	0
über	ybɐ	german	function	over	0
hummer	hʊmɐ	german	noun	lobster	0
sie	zi	german	function	she	0
ja	ja	german	function	yes	0
traum	tʁaʊm	german	verb	dream	0
mit	mɪt	german	function	with	0
singen	zɪŋən	german	verb	sing	0
hund	hʊnt	german	noun	dog	0
ein anderer	aɪnandəʁɐ	german	function	another	0
blitz	blɪt͡s	german	noun	blitz	0
kaputt	kapʊt	german	noun	kaput	0
himmel	hɪməl	german	noun	sky	0
leben	lebən	german	noun	life	0
blut	blut	german	noun	blood	0
setzen	zɛtsn̩	german	verb	set	0
fünf	fʏnf	german	adjective	five	0
obwohl	ɔpvol	german	function	although	0
sonne	zɔnə	german	noun	sun	0
wo	vo	german	function	where	0
klettern	klɛtɐn	german	verb	climb	0
zu	tsu	german	adverb	too	0
meinung	maɪnʊŋ	german	noun	opinion	0
beide	baɪ̯də	german	function	both	0
weiß	vaɪs	german	adjective	white	0
bravo	bʁavo	german	verb	dream	0
welt	vɛlt	german	noun	world	0
qualle	kvalə	german	noun	jellyfish	0
verkaufen	fɛʁkaʊfn̩	german	verb	sell	0
bewegen	bəveɡn̩	german	verb	move	0
schreiben	ʃraibn	german	verb	write	0
erde	ɛʁdə	german	noun	earth	0
heiß	haɪs	german	adjective	hot	0
jetzt	jɛtst	german	function	now	0
neu	nɔʏ	german	adjective	new	0
gletscher	ɡlɛtʃɐ	german	noun	glacier	0
hoffnung	hɔfnʊŋ	german	noun	hope	0
marimba	maʁɪmba	german	verb	study	0
mojo	modʒo	german	verb	teach	0
zwischen	t͡svɪʃn̩	german	function	between	0
vigilant	viʒilant	german	noun	grass	0
trinken	tʁɪŋkən	german	verb	drink	0
gipfel	ɡɪpfəl	german	noun	summit	0
bleiben	blaɪbn̩	german	verb	stay	0
angst	aŋst	german	noun	angst	0
tot	tot	german	adjective	dead	0
folk	fɔlk	german	noun	folk	0
milch	mɪlç	german	noun	milk	0
lang	laŋ	german	adjective	long	0
erste	ʔeɐ̯stə	german	adjective	first	0
arbeit	aʁbaɪt	german	noun	work	0
sauber	zaʊbɐ	german	adjective	clean	0
ich	ɪç	german	function	i	0
dekor	dekɔʁ	german	noun	hair	0
unter	ʊntɐ	german	function	under	0
laufen	laʊfn̩	german	verb	run	0
wenn	vɛn	german	function	if	0
knochen	knoxn̩	german	noun	bone	0
herz	hɛʁts	german	noun	heart	0
résumé	ʁezyme	german	noun	wall	0
stuck	ʃtʊk	german	adjective	strong	0
haus	haʊs	german	noun	house	0
sohn	zon	german	noun	son	0
souvenir	suvəniʁ	german	noun	roof	0
karte	kaʁtə	german	noun	map	0
wolke	vɔlkə	german	noun	cloud	0
er	ʔeɐ̯	german	function	he	0
hier	hiɐ̯	german	function	here	0
fisch	fɪʃ	german	noun	fish	0
fuß	fus	german	noun	foot	0
hai	haɪ̯	german	noun	shark	0
essen	ɛsən	german	noun	food	0
bruder	bʁudɐ	german	noun	brother	0
angst	aŋst	german	noun	fear	0
house	haʊs	german	noun	house	0
hafen	hafn̩	german	noun	harbor	0
zurück	t͡suʁʏk	german	noun	back	0
farbe	faʁbə	german	noun	color	0
zeit	tsaɪt	german	noun	time	0
noch	nɔx	german	adverb	yet	0
für	fyɐ̯	german	function	for	0
sturm	ʃtuʁm	german	noun	storm	0
wir	viɐ̯	german	function	we	0
kopf	kɔpf	german	noun	head	0
über	ybyr	german	noun	uber	0
künstler	kʏnstlɐ	german	noun	artist	0
viel	fil	german	adverb	much	0
eigen	aɪɡn̩	german	verb	own	0
eis	aɪs	german	noun	ice	0
fluss	flʊs	german	noun	river	0
auf	aʊf	german	function	on	0
hymne	hʏmnə	german	noun	hymn	0
rufen	ʁufən	german	verb	call	0
schnell	ʃnɛl	german	adjective	fast	0
u-boot	ubot	german	noun	submarine	0
öffnen	œfnən	german	verb	open	0
tarif	taʁif	german	verb	work	0
sehen	zeən	german	verb	see	0
fangen	faŋən	german	verb	catch	0
floß	flɔs	german	noun	raft	0
auf	aʊf	german	function	up	0
taco	tako	german	adverb	always	0
drehen	dʁeən	german	verb	turn	0
alkohol	alkohol	german	verb	take	0
groß	ɡʁos	german	adjective	large	0
werden	veɐdn̩	german	verb	become	0
kieselstein	kizəlʃtaɪ̯n	german	noun	pebble	0
sehr	zeɐ̯	german	adverb	very	0
machen	maxən	german	verb	make	0
gehen	ɡeən	german	verb	go	0
bonanza	bonantsa	german	adjective	old	0
beiboot	baɪ̯bot	german	noun	dinghy	0
gehen	ɡeən	german	verb	walk	0
mann	man	german	noun	man	0
ein	aɪn	german	adjective	one	0
glauben	ɡlaʊ̯bn̩	german	verb	believe	0
weihnachtslied	vaɪ̯naxtslit	german	noun	carol	0
kaputt	kapʊt	german	noun	morning	0
senden	zɛndn̩	german	verb	send	0
garnele	ɡaʁnelə	german	noun	shrimp	0
canyon	kɛnjɔn	german	adjective	new	0
ersatz	eɐ̯zat͡s	german	noun	child	0
allein	alaɪ̯n	german	adjective	alone	0
früh	fʁy	german	adverb	early	0
jagen	jaɡən	german	verb	hunt	0
könnte	kœntə	german	verb	might	0
bedecken	bədɛkən	german	verb	cover	0
kind	kɪnt	german	noun	child	0
klischee	kliʃe	german	noun	mouth	0
wind	vɪnt	german	noun	wind	0
rot	ʁot	german	adjective	red	0
matinee	matine	german	noun	door	0
tag	tak	german	noun	day	0
gut	ɡut	german	adjective	well	0
avatar	avaˌtaɐ̯	german	verb	draw	0
wie	vi	german	function	how	0
genre	ʒɑ̃ʁ	german	noun	heart	0
glas	glas	german	verb	write	0
wahr	vaɐ̯	german	adjective	true	0
silhouette	zilʊɛt	german	noun	floor	0
mehr	meɐ̯	german	adverb	more	0
bär	bɛɐ̯	german	noun	bear	0
kämpfen	kɛmpfən	german	verb	fight	0
unter	ʊntɐ	german	function	among	0
was	vas	german	function	what	0
folgen	fɔlɡən	german	verb	follow	0
mutter	mʊtɐ	german	noun	mother	0
sitzen	zɪtsn̩	german	verb	sit	0
wenig	venɪç	german	adverb	few	0
niedrig	nidʁɪç	german	adjective	low	0
grün	ɡʁyn	german	adjective	green	0
schläger	ʃlɛgɐ	german	noun	thug	0
gesicht	ɡəzɪçt	german	noun	face	0
über	ybyr	german	verb	sleep	0
frei	fʁaɪ	german	adjective	free	0
bank	baŋk	german	noun	bank	0
finden	fɪndən	german	verb	find	0
bald	balt	german	adverb	soon	0
braun	bʁaʊn	german	adjective	brown	0
seestern	zeʃtɛʁn	german	noun	starfish	0
pyjama	pydʒama	german	noun	harvest	0
doppelgänger	dɔpl̩ɡɛŋɐ	german	noun	bed	0
brechen	bʁɛçn̩	german	verb	break	0
geben	ɡebən	german	verb	give	0
vogel	foɡl̩	german	noun	bird	0
wanderlust	vandɐlʊst	german	noun	wanderlust	0
vier	fiɐ̯	german	adjective	four	0
klein	klaɪn	german	adjective	little	0
du	du	german	function	you	0
von	fɔn	german	function	by	0
entlang	ɛntlaŋ	german	function	along	0
anfangen	anfangən	german	verb	start	0
unten	ʊntən	german	function	down	0
füttern	fʏtɐn	german	verb	feed	0
hemd	hɛmt	german	noun	shirt	0
koala	koala	spanish	noun	koala	1
bicicleta	biθikleta	spanish	noun	bicycle	1
tenis	tenis	spanish	noun	tennis	1
fotografía	fotoɣɾafia	spanish	noun	photograph	1
virtuoso	βiɾtwoso	spanish	noun	virtuoso	1
kabuki	kabuki	spanish	noun	kabuki	1
kendo	kendo	spanish	noun	kendo	1
tornado	toɾnaðo	spanish	noun	tornado	1
material	mateɾjal	spanish	noun	material	1
sándwich	sanðwitʃ	spanish	noun	sandwich	1
plancton	plankton	spanish	noun	plankton	1
carabela	kaɾaβela	spanish	noun	caravel	1
charcutería	tʃarkuteɾia	spanish	noun	delicatessen	1
política	politika	spanish	noun	politics	1
tofu	tofu	spanish	noun	tofu	1
violín	bjoʎin	spanish	noun	violin	1
champán	ʃampan	spanish	noun	champagne	1
estuco	estuko	spanish	noun	stucco	1
composición	kompotiθjon	spanish	noun	composition	1
alcohol	alkol	spanish	noun	alcohol	1
bungaló	bunɡalo	spanish	noun	bungalow	1
grunge	ɡɾunxe	spanish	noun	grunge	1
zarabanda	θaɾaβanða	spanish	noun	sarabande	1
champú	tʃampu	spanish	noun	shampoo	1
arancel	aɾanθel	spanish	noun	tariff	1
avatar	aβataɾ	spanish	noun	avatar	1
concierto	konθjeɾto	spanish	noun	concerto	1
octeto	okteto	spanish	noun	octet	1
chocolate	tʃokolate	spanish	noun	chocolate	1
taiga	taiɣa	spanish	noun	taiga	1
comedia	komeðja	spanish	noun	comedy	1
teléfono	telefono	spanish	noun	telephone	1
panda	panda	spanish	noun	panda	1
trío	tɾio	spanish	noun	trio	1
funk	fuŋk	spanish	noun	funk	1
cebra	θeβra	spanish	noun	zebra	1
silueta	silweta	spanish	noun	silhouette	1
recitativo	ɾeθitatiβo	spanish	noun	recitative	1
legato	leɡato	spanish	noun	legato	1
teléfono	telefono	spanish	noun	telephone	1
matinée	matine	spanish	noun	matinée	1
jazz	dʒaz	spanish	noun	jazz	1
alto	alto	spanish	noun	alto	1
serenata	seɾenata	spanish	noun	serenade	1
final	final	spanish	noun	finale	1
espiritual	espiɾitwal	spanish	noun	spiritual	1
anorak	anoɾak	spanish	noun	anorak	1
allegro	aʎeɡɾo	spanish	noun	allegro	1
ferry	feɾi	spanish	noun	ferry	1
oasis	oasis	spanish	noun	oasis	1
andante	andante	spanish	noun	andante	1
rap	rap	spanish	noun	rap	1
internet	inteɾnet	spanish	noun	internet	1
rondó	ɾonðo	spanish	noun	rondo	1
fresco	fɾesko	spanish	noun	fresco	1
hip hop	ipop	spanish	noun	hip_hop	1
burlesco	buɾlesko	spanish	noun	burlesque	1
aria	aɾja	spanish	noun	aria	1
programa	pɾoɣɾama	spanish	noun	program	1
tenor	tenoɾ	spanish	noun	tenor	1
mojo	moxo	spanish	noun	mojo	1
madrigal	maðɾiɣal	spanish	noun	madrigal	1
galeón	ɡaleon	spanish	noun	galleon	1
bravo	bɾaβo	spanish	adverb	bravo	1
safari	safari	spanish	noun	safari	1
flamenco	flameŋko	spanish	noun	flamenco	1
polca	polka	spanish	noun	polka	1
ópera	opera	spanish	noun	opera	1
pavana	paβana	spanish	noun	pavane	1
cine	θine	spanish	noun	cinema	1
kimono	kimono	spanish	noun	kimono	1
chic	ʃik	spanish	adjective	chic	1
bonsái	bonsai	spanish	noun	bonsai	1
banjo	bandʒo	spanish	noun	banjo	1
manga	maŋɡa	spanish	noun	manga	1
soprano	sopɾano	spanish	noun	soprano	1
tempura	tempura	spanish	noun	tempura	1
piraña	piɾanja	spanish	noun	piranha	1
pop	pop	spanish	noun	pop	1
dúo	duo	spanish	noun	duet	1
anaconda	anakonda	spanish	noun	anaconda	1
origami	oriɣami	spanish	noun	origami	1
vodevil	βoðeβil	spanish	noun	vaudeville	1
algodón	alɣoðon	spanish	noun	cotton	1
cliché	kliʃe	spanish	noun	cliché	1
mazurca	masuɾka	spanish	noun	mazurka	1
falsete	falsete	spanish	noun	falsetto	1
tifón	tifon	spanish	noun	typhoon	1
capricho	kapɾitʃo	spanish	noun	capriccio	1
marina	maɾina	spanish	noun	marina	1
gourmet	gurmet	spanish	noun	gourmet	1
democracia	demokɾasia	spanish	noun	democracy	1
minué	minwɛ	spanish	noun	minuet	1
tsunami	tsunami	spanish	noun	tsunami	1
ataque relámpago	atakereɾampaɡo	spanish	noun	blitz	1
pasacalle	pasakaʎe	spanish	noun	passacaglia	1
estepa	estepa	spanish	noun	steppe	1
mariachi	maɾjaʧi	spanish	noun	mariachi	1
ninja	ninxa	spanish	noun	ninja	1
suite	switje	spanish	noun	suite	1
nirvana	niɾβana	spanish	noun	nirvana	1
magnate	maɣnate	spanish	noun	tycoon	1
estreno	estɾeno	spanish	noun	premiere	1
canguro	kanɡuɾo	spanish	noun	kangaroo	1
bolero	boleɾo	spanish	noun	bolero	1
yin yang	jinjaŋ	spanish	noun	yin_yang	1
sexteto	seksteto	spanish	noun	sextet	1
cero	θero	spanish	noun	zero	1
tema	tema	spanish	noun	theme	1
tango	taŋɡo	spanish	noun	tango	1
presto	pɾesto	spanish	noun	presto	1
emoción	emosjon	spanish	noun	emotion	1
estudio	estudio	spanish	noun	studio	1
mambo	mambo	spanish	noun	mambo	1
piano	pjano	spanish	noun	piano	1
trineo	tɾineo	spanish	noun	toboggan	1
cobra	koβɾa	spanish	noun	cobra	1
director	diɾeθoɾ	spanish	noun	conductor	1
bourrée	buɾe	spanish	noun	bourree	1
pizza	pitsa	spanish	noun	pizza	1
ovación	oβasjon	spanish	noun	ovation	1
merengue	meɾeŋɡe	spanish	noun	merengue	1
sake	sake	spanish	noun	sake	1
oratorio	oɾatoɾjo	spanish	noun	oratorio	1
capibara	kapiβaɾa	spanish	noun	capybara	1
kayak	kajak	spanish	noun	kayak	1
wok	wok	spanish	noun	wok	1
futón	futon	spanish	noun	futon	1
barítono	βaɾiton	spanish	noun	baritone	1
schadenfreude	ʃadenfroidə	spanish	noun	schadenfreude	1
música	musika	spanish	noun	music	1
kaput	kaput	spanish	noun	kaput	1
rumba	rumba	spanish	noun	rumba	1
gurú	ɡuɾu	spanish	noun	guru	1
diminuendo	ðiminwendo	spanish	noun	diminuendo	1
dhow	ðao	spanish	noun	dhow	1
staccato	stakato	spanish	noun	staccato	1
quinteto	kinteto	spanish	noun	quintet	1
marimba	maɾimba	spanish	noun	marimba	1
sudoku	sudo̞ku	spanish	noun	sudoku	1
pasta	pasta	spanish	noun	pasta	1
shogun	ʃoɣun	spanish	noun	shogun	1
trimarán	tɾimaɾan	spanish	noun	trimaran	1
bossa nova	bosanowa	spanish	noun	bossa_nova	1
country	kuntri	spanish	noun	country	1
alemanda	alemanda	spanish	noun	allemande	1
delfín	ðelfin	spanish	noun	dolphin	1
jungla	xunɡla	spanish	noun	jungle	1
mascarada	maskaɾaða	spanish	noun	masquerade	1
sinfonía	sinfonja	spanish	noun	symphony	1
arpegio	aɾpeθjo	spanish	noun	arpeggio	1
haiku	xaiku	spanish	noun	haiku	1
jirafa	xiɾafa	spanish	noun	giraffe	1
fiordo	fjoɾðo	spanish	noun	fjord	1
sashimi	saʃimi	spanish	noun	sashimi	1
guerrilla	ɡeriʝa	spanish	noun	guerrilla	0
antes	antes	spanish	function	before	0
escribir	eskɾiβiɾ	spanish	verb	write	0
reír	reiɾ	spanish	verb	laugh	0
querer	keɾeɾ	spanish	verb	want	0
gato	gato	spanish	noun	cat	0
lejos	lexos	spanish	adjective	far	0
a través de	atɾaβesde	spanish	function	through	0
flor	floɾ	spanish	noun	flower	0
hijo	ixo	spanish	noun	son	0
rápido	ɾapido	spanish	adjective	fast	0
brazo	braθo	spanish	noun	arm	0
zapato	θapato	spanish	noun	shoe	0
niño	niɲo	spanish	noun	child	0
ballena	βaʎena	spanish	noun	whale	0
comprar	kompɾaɾ	spanish	verb	buy	0
intentar	intentaɾ	spanish	verb	try	0
alimentar	alimentaɾ	spanish	verb	feed	0
bajo	baxo	spanish	adjective	low	0
bahía	baʝa	spanish	noun	bay	0
arena	aɾena	spanish	noun	sand	0
sueño	sweno	spanish	verb	dream	0
instrumento	instɾumento	spanish	noun	instrument	0
frasco	fɾasko	spanish	noun	jar	0
hospital	ospital	spanish	noun	hospital	0
embarcadero	embatʃaðeɾo	spanish	noun	wharf	0
hermana	eɾmana	spanish	noun	sister	0
llegar a ser	ʎeɣaɾaseɾ	spanish	verb	become	0
año	aɲo	spanish	noun	year	0
dónde	donde	spanish	function	where	0
vallenato	baʎenato	spanish	noun	vallenato	0
barcaza	βaɾkaθa	spanish	noun	barge	0
voluntad	boluntad	spanish	verb	will	0
sentir	sentir	spanish	verb	feel	0
en	en	spanish	function	in	0
reunión	reunion	spanish	noun	meeting	0
macho	matʃo	spanish	noun	macho	0
ello	eʎo	spanish	function	it	0
situación	sitwaθjon	spanish	noun	situation	0
mantener	manteɾ	spanish	verb	keep	0
pierna	pjerna	spanish	noun	leg	0
que	ke	spanish	function	that	0
escuchar	eskutʃaɾ	spanish	verb	listen	0
banco	banko	spanish	noun	bank	0
arrecife	aɾeθiβe	spanish	noun	reef	0
misa	misa	spanish	noun	mass	0
muy	mwi	spanish	adverb	very	0
viejo	βjexo	spanish	adjective	old	0
libro	libro	spanish	noun	book	0
fuerte	fweɾte	spanish	adjective	strong	0
bote	βote	spanish	noun	dinghy	0
mejillón	meʝiʎon	spanish	noun	mussel	0
a lo largo de	alolaɾɣode	spanish	function	along	0
muñeira	mweɲeɾa	spanish	noun	muñeira	0
medios	meðjos	spanish	noun	media	0
mostrar	mostɾaɾ	spanish	verb	show	0
canción	kaŋθjon	spanish	noun	chanson	0
padre	paðɾe	spanish	noun	father	0
verde	beɾde	spanish	adjective	green	0
pez	peθ	spanish	noun	fish	0
solo	solo	spanish	adjective	alone	0
cielo	θjelo	spanish	noun	sky	0
haría	aɾia	spanish	verb	would	0
pesado	pesaðo	spanish	adjective	heavy	0
bueno	bweɾno	spanish	adjective	good	0
tomar	tomar	spanish	verb	take	0
mano	mano	spanish	noun	hand	0
o	o	spanish	function	or	0
debajo	deβaxo	spanish	function	under	0
niño prodigio	niɲoproðiɣjo	spanish	noun	wunderkind	0
silla	siʎa	spanish	noun	chair	0
propio	pɾopjo	spanish	verb	own	0
yo	ʝo	spanish	function	i	0
encontrar	enkontɾaɾ	spanish	verb	find	0
que	ke	spanish	function	than	0
girar	xiɾaɾ	spanish	verb	turn	0
playa	pʎaʝa	spanish	noun	beach	0
alto	alto	spanish	adjective	high	0
nación	naθjon	spanish	noun	nation	0
infierno	infjeɾno	spanish	noun	inferno	0
caminar	kaminar	spanish	verb	walk	0
meseta	meseta	spanish	noun	plateau	0
viento	βjento	spanish	noun	wind	0
nube	nuβe	spanish	noun	cloud	0
ayudar	aʝudaɾ	spanish	verb	help	0
pequeño	pekeɲo	spanish	adjective	small	0
no	no	spanish	function	no	0
vigilante	βixilante	spanish	noun	vigilante	0
mundo	muɾndo	spanish	noun	world	0
restaurante	restaurante	spanish	noun	restaurant	0
ciudad	θjuðað	spanish	noun	city	0
revista	reβista	spanish	noun	magazine	0
bolígrafo	boliɣrafo	spanish	noun	pen	0
seguir	segiɾ	spanish	verb	follow	0
bonanza	bonanθa	spanish	noun	bonanza	0
currículum	kurikulum	spanish	noun	résumé	0
forma	foɾma	spanish	noun	form	0
objeto	oxekto	spanish	noun	object	0
villancico	βiʎanθiko	spanish	noun	carol	0
nosotros	nosotɾos	spanish	function	we	0
solo	solo	spanish	adjective	only	0
libre	libɾe	spanish	adjective	free	0
caballo	kaβaʎo	spanish	noun	horse	0
fiesta	fjesta	spanish	noun	fiesta	0
de	de	spanish	function	of	0
sobre	soβɾe	spanish	function	over	0
turista	tuɾista	spanish	noun	tourist	0
sostener	sosteɾ	spanish	verb	hold	0
preguntar	pɾeɣuntaɾ	spanish	verb	ask	0
ostra	ostɾa	spanish	noun	oyster	0
cerrar	θeɾraɾ	spanish	verb	shut	0
mi	mi	spanish	function	my	0
charla	tʃaɾla	spanish	noun	spiel	0
prohibido	proiβiðo	spanish	verb	verboten	0
taco	tako	spanish	noun	taco	0
fin	fin	spanish	noun	end	0
tú	tu	spanish	function	you	0
cualquier	kwalkjeɾ	spanish	function	any	0
manzana	manθana	spanish	noun	apple	0
dormir	doɾmiɾ	spanish	verb	sleep	0
himno	imno	spanish	noun	hymn	0
caer	kaeɾ	spanish	verb	fall	0
interior	inteɾjoɾ	spanish	noun	hinterland	0
otro	otɾo	spanish	function	another	0
deber	deβer	spanish	verb	must	0
saber	saβeɾ	spanish	verb	know	0
esto	esto	spanish	function	this	0
goleta	ɡoleta	spanish	noun	schooner	0
cañón	kaɲon	spanish	noun	canyon	0
almeja	almexa	spanish	noun	clam	0
arriba	aɾiba	spanish	function	up	0
papel	papel	spanish	noun	paper	0
calamar	kalamaɾ	spanish	noun	squid	0
tirar	tiɾar	spanish	verb	pull	0
después	despwes	spanish	function	after	0
como	komo	spanish	function	like	0
árbol	arbol	spanish	noun	tree	0
internacional	inteɾnaθjonal	spanish	noun	international	0
hablar	aβlaɾ	spanish	verb	talk	0
enviar	enβjaɾ	spanish	verb	send	0
rey	rein	spanish	noun	king	0
dejar	dexar	spanish	verb	let	0
fuego	fweɣo	spanish	noun	fire	0
azul	aθul	spanish	adjective	blue	0
cerrar	θerar	spanish	verb	close	0
corazón	koɾaθon	spanish	noun	heart	0
decir	desir	spanish	verb	say	0
tarde	taɾðe	spanish	adjective	late	0
tres	tɾes	spanish	adjective	three	0
región	rexjon	spanish	noun	region	0
coral	koɾal	spanish	noun	coral	0
así	asi	spanish	function	so	0
patio	patjo	spanish	noun	patio	0
borde	boɾxe	spanish	function	edge	0
cangrejo	kaŋɡɾexo	spanish	noun	crab	0
estrella de mar	estɾeʎaðemaɾ	spanish	noun	starfish	0
parar	paɾaɾ	spanish	verb	stop	0
ejemplo	exemplo	spanish	noun	example	0
liderar	liðeɾaɾ	spanish	verb	lead	0
grande	ɡɾande	spanish	adjective	big	0
jugar	xuɣaɾ	spanish	verb	play	0
recuerdo	rekwerðo	spanish	noun	souvenir	0
amigo	amiɣo	spanish	noun	friend	0
trabajar	tɾabaɣaɾ	spanish	verb	work	0
desierto	ðesjɛɾto	spanish	noun	desert	0
ellos	eʎos	spanish	function	them	0
coger	koxeɾ	spanish	verb	catch	0
cumbia	kumbja	spanish	noun	cumbia	0
cosecha	koseʧa	spanish	noun	harvest	0
responder	respondeɾ	spanish	verb	answer	0
cálido	kalido	spanish	adjective	warm	0
aunque	aunke	spanish	function	although	0
vender	βendeɾ	spanish	verb	sell	0
pico	piko	spanish	noun	peak	0
plantar	plantaɾ	spanish	noun	plant	0
luna	luna	spanish	noun	moon	0
lengua	leŋɡwa	spanish	noun	language	0
hermano	eɾmano	spanish	noun	brother	0
ginebra	xinebra	spanish	noun	gin	0
velero	βeleɾo	spanish	noun	sailboat	0
cultura	kultura	spanish	noun	culture	0
largo	laɾɣo	spanish	adjective	long	0
mucho	mutʃo	spanish	adverb	much	0
alpaca	alpaka	spanish	noun	alpaca	0
dibujar	diβuxaɾ	spanish	verb	draw	0
camarón	kamaɾon	spanish	noun	shrimp	0
izquierda	iskjeɾda	spanish	adjective	left	0
reguetón	reɡeton	spanish	noun	reggaeton	0
jota	xota	spanish	noun	jota	0
dos	dos	spanish	adjective	two	0
joven	xoβen	spanish	adjective	young	0
valle	βaʎe	spanish	noun	valley	0
folk	folk	spanish	noun	folk	0
quemar	kemaɾ	spanish	verb	burn	0
género	xenero	spanish	noun	genre	0
ventana	βentana	spanish	noun	window	0
ahora	aora	spanish	function	now	0
mesa	mesa	spanish	noun	mesa	0
cómo	komo	spanish	function	how	0
industria	industɾja	spanish	noun	industry	0
espalda	espalda	spanish	noun	back	0
hacer	aθeɾ	spanish	verb	make	0
oro	oɾo	spanish	function	gold	0
triste	tɾiste	spanish	adjective	sad	0
encontrar	enkontrar	spanish	verb	meet	0
pie	pje	spanish	noun	foot	0
todo	toðo	spanish	function	all	0
salir	saliɾ	spanish	verb	leave	0
me	me	spanish	function	me	0
inteligencia	intelixenθja	spanish	noun	intelligence	0
trabajo	tɾabaχo	spanish	noun	work	0
colgar	kolxaɾ	spanish	verb	hang	0
cubrir	kuβɾiɾ	spanish	verb	cover	0
dejar caer	dexadɾopeɾ	spanish	verb	drop	0
función	funθjon	spanish	noun	function	0
cosa	kosa	spanish	noun	thing	0
cama	kama	spanish	noun	bed	0
leer	leeɾ	spanish	verb	read	0
amor	amoɾ	spanish	verb	love	0
presidente	pɾesiðente	spanish	noun	president	0
otro	otɾo	spanish	adjective	other	0
cortar	koɾtaɾ	spanish	verb	cut	0
alga marina	alɣamaɾina	spanish	noun	seaweed	0
venir	beniɾ	spanish	verb	come	0
cavar	kiβaɾ	spanish	verb	dig	0
muchos	mutʃos	spanish	adjective	many	0
moderno	moðeɾno	spanish	noun	modern	0
pájaro	paxaro	spanish	noun	bird	0
comer	komeɾ	spanish	verb	eat	0
último	ultjmo	spanish	adjective	last	0
plaza	plasa	spanish	noun	plaza	0
caballito de mar	kaβaʎitoðemaɾ	spanish	noun	seahorse	0
ver	βeɾ	spanish	verb	see	0
sentarse	sentarse	spanish	verb	sit	0
salud	salud	spanish	noun	gesundheit	0
soplar	soplaɾ	spanish	verb	blow	0
pescado	pjeskado	spanish	noun	fish	0
peligro	peliɣɾo	spanish	noun	hazard	0
alrededor de	alreðeɾoðe	spanish	function	around	0
beber	bɾinkeɾ	spanish	verb	drink	0
enseñar	enseɲaɾ	spanish	verb	teach	0
qué	ke	spanish	function	what	0
hacer	aθeɾ	spanish	verb	do	0
entre	entɾe	spanish	function	between	0
cabello	kaβeʎo	spanish	noun	hair	0
seco	sekos	spanish	adjective	dry	0
rápidamente	rapiðamente	spanish	adverb	quickly	0
bailar	bailar	spanish	verb	dance	0
religión	reliχjon	spanish	noun	religion	0
cuándo	kwando	spanish	function	when	0
muerto	mweɾto	spanish	adjective	dead	0
debajo	deβaxo	spanish	function	below	0
angustia	aŋɡustja	spanish	noun	angst	0
pradera	pɾaðeɾa	spanish	noun	prairie	0
moto acuática	motoakwatika	spanish	noun	jetski	0
jardín de infancia	xardinðeinfansja	spanish	noun	kindergarten	0
también	tambjen	spanish	adverb	also	0
ingenuo	inxenuo	spanish	adjective	naïve	0
volar	bolaɾ	spanish	verb	fly	0
cantar	kantar	spanish	verb	sing	0
cocinar	kosinaɾ	spanish	verb	cook	0
cabeza	kaβeθa	spanish	noun	head	0
muelle	mweʎe	spanish	noun	dock	0
tiburón	tiβuɾon	spanish	noun	shark	0
hornear	oɾneaɾ	spanish	verb	bake	0
también	tambjen	spanish	adverb	too	0
foto	foto	italian	noun	photo	1
bachata	batʃata	italian	noun	bachata	1
computer	kompjutɛr	italian	noun	computer	1
giraffa	dʒirɑffa	italian	noun	giraffe	1
violino	vjolino	italian	noun	violin	1
cha cha cha	tʃatʃatʃa	italian	noun	cha_cha	1
punk	pank	italian	noun	punk	1
tundra	tundra	italian	noun	tundra	1
minuetto	minuetto	italian	noun	minuet	1
rapsodia	rapsodia	italian	noun	rhapsody	1
notturno	notturno	italian	noun	nocturne	1
hip hop	ipɔp	italian	noun	hip_hop	1
yacht	jot	italian	noun	yacht	1
vaudeville	vodvil	italian	noun	vaudeville	1
élite	elite	italian	noun	elite	1
pavana	pavana	italian	noun	pavane	1
cancan	kɑ̃kɑ̃	italian	noun	cancan	1
shogun	ʃoɡun	italian	noun	shogun	1
tango	taŋɡo	italian	noun	tango	1
grunge	ɡɾandʒ	italian	noun	grunge	1
mariachi	marjatʃi	italian	noun	mariachi	1
samba	samba	italian	noun	samba	1
kamikaze	kamikatse	italian	noun	kamikaze	1
taiga	taiga	italian	noun	taiga	1
marimba	marimba	italian	noun	marimba	1
bonsai	bonsai	italian	noun	bonsai	1
zucchero	tsukkero	italian	noun	sugar	1
jota	xota	italian	noun	jota	1
tempura	tempura	italian	noun	tempura	1
vudù	vudu	italian	noun	voodoo	1
cioccolato	tʃokkolato	italian	noun	chocolate	1
wok	wɔk	italian	noun	wok	1
brandy	brandi	italian	noun	brandy	1
hamburger	amburɡɛr	italian	noun	hamburger	1
ginkgo	ɡiŋɡo	italian	noun	ginkgo	1
fado	fado	italian	noun	fado	1
kendo	kɛndo	italian	noun	kendo	1
bicicletta	bitʃiklɛtta	italian	noun	bicycle	1
leitmotiv	lɛitmotiv	italian	noun	leitmotif	1
karate	karate	italian	noun	karate	1
poltergeist	pɔltɛrɡaɪst	italian	noun	poltergeist	1
plancton	plankton	italian	noun	plankton	1
anime	anime	italian	noun	anime	1
dhow	dau	italian	noun	dhow	1
calypso	kalipso	italian	noun	calypso	1
gavotta	ɡavotta	italian	noun	gavotte	1
tifone	tifone	italian	noun	typhoon	1
pigiama	pidʒama	italian	noun	pajamas	1
elicottero	elikɔttero	italian	noun	helicopter	1
gala	ɡala	italian	noun	gala	1
coro	koro	italian	noun	choir	1
pop	pop	italian	noun	pop	1
circo	tʃiɾko	italian	noun	circus	1
polizia	polittsja	italian	noun	police	1
savana	savana	italian	noun	savanna	1
idea	idea	italian	noun	idea	1
rap	rap	italian	noun	rap	1
problema	problema	italian	noun	problem	1
tofu	tofu	italian	noun	tofu	1
sashimi	saʃimi	italian	noun	sashimi	1
salsa	salsa	italian	noun	salsa	1
cumbia	kumbja	italian	noun	cumbia	1
oasi	oazi	italian	noun	oasis	1
televisione	televizjone	italian	noun	television	1
techno	tɛkno	italian	noun	techno	1
aurresku	auɾesku	italian	noun	aurresku	1
matinée	matineɛ	italian	noun	matinée	1
karma	karma	italian	noun	karma	1
ninja	ninʤa	italian	noun	ninja	1
cincillà	tʃintʃilla	italian	noun	chinchilla	1
marina	marina	italian	noun	marina	1
tsunami	t͡sunt͡sami	italian	noun	tsunami	1
cinema	tʃinema	italian	noun	cinema	1
internet	internet	italian	noun	internet	1
alpaca	alpaka	italian	noun	alpaca	1
internet	intɛrnɛt	italian	noun	internet	1
programma	proɡramma	italian	noun	program	1
blitz	blits	italian	noun	blitz	1
canoa	kanoa	italian	noun	canoe	1
zero	t͡sɛro	italian	noun	zero	1
muñeira	muɲejɾa	italian	noun	muñeira	1
ramen	ramɛn	italian	noun	ramen	1
trimarano	trimarano	italian	noun	trimaran	1
patio	patjo	italian	noun	patio	1
musica	muzika	italian	noun	music	1
silhouette	silwɛt	italian	noun	silhouette	1
sampan	sampan	italian	noun	sampan	1
cabaret	kabaɾɛ	italian	noun	cabaret	1
balletto	balɛtto	italian	noun	ballet	1
sarabanda	sarabanda	italian	noun	sarabande	1
vigogna	vidʒoɲa	italian	noun	vicuña	1
emoji	emɔdʒi	italian	noun	emoji	1
soul	sol	italian	noun	soul	1
mambo	mambo	italian	noun	mambo	1
ska	ska	italian	noun	ska	1
mottetto	mottetto	italian	noun	motet	1
kabuki	kabuki	italian	noun	kabuki	1
sistema	sistema	italian	noun	system	1
atollo	atollo	italian	noun	atoll	1
steppa	steppa	italian	noun	steppe	1
pinguino	piŋɡwino	italian	noun	penguin	1
metodo	metodo	italian	noun	method	1
hovercraft	hoverkraft	italian	noun	hovercraft	1
galeone	galeone	italian	noun	galleon	1
materasso	materassɔ	italian	noun	mattress	1
tariffa	tariffa	italian	noun	tariff	1
burrito	buritto	italian	noun	burrito	1
magnate	maɲɲate	italian	noun	tycoon	1
caravella	karavella	italian	noun	caravel	1
judo	dʒudo	italian	noun	judo	1
poncho	poŋko	italian	noun	poncho	1
tarantola	tarantola	italian	noun	tarantula	1
algebra	aldʒɛbra	italian	noun	algebra	1
tarantella	taɾantɛla	italian	noun	tarantella	1
brigantino	brigantino	italian	noun	brigantine	1
country	kantɾi	italian	noun	country	1
lama	lama	italian	noun	llama	1
macho	mako	italian	noun	macho	1
blues	bluz	italian	noun	blues	1
giungla	dʒuŋɡla	italian	noun	jungle	1
tornado	tornado	italian	noun	tornado	1
banana	banana	italian	noun	banana	1
cliché	kliʃe	italian	noun	cliché	1
vodka	vɔdka	italian	noun	vodka	1
reggaeton	rɛɡaetɔn	italian	noun	reggaeton	1
bourrée	buʁe	italian	noun	bourree	1
canone	kanone	italian	noun	canon	0
tagliare	taʎʎare	italian	verb	cut	0
così	kosi	italian	function	so	0
sedere	sedɛre	italian	verb	sit	0
debole	dɛbɔle	italian	adjective	weak	0
opinione	opinjone	italian	noun	opinion	0
banchina	bankina	italian	noun	wharf	0
chiedere	kjɛdere	italian	verb	ask	0
gola	gola	italian	noun	gorge	0
limone	limone	italian	noun	lemon	0
molto	molto	italian	adverb	very	0
festa	fɛsta	italian	noun	fiesta	0
imparare	imparare	italian	verb	learn	0
genere	dʒɛnɛre	italian	noun	genre	0
luna	luna	italian	noun	moon	0
benché	beŋke	italian	function	although	0
staccato	stakato	italian	noun	staccato	0
piccolo	pikkolo	italian	adjective	small	0
molo	molo	italian	noun	dock	0
cacciare	kattʃare	italian	verb	hunt	0
io	io	italian	function	i	0
salute	salute	italian	noun	gesundheit	0
quale	kwale	italian	function	which	0
dio	dio	italian	noun	god	0
sabbia	sabbja	italian	noun	sand	0
cavalluccio marino	kavalutʃomarino	italian	noun	seahorse	0
andante	andante	italian	noun	andante	0
sentire	sentire	italian	verb	feel	0
super	super	italian	noun	uber	0
situazione	situattsjone	italian	noun	situation	0
parlare	parlare	italian	verb	talk	0
scogliera	skoljera	italian	noun	cliff	0
fare	fare	italian	verb	make	0
pesante	pezzante	italian	adjective	heavy	0
porto	porto	italian	noun	harbor	0
presidente	prezidente	italian	noun	president	0
credere	kredere	italian	verb	believe	0
scienza	ʃjentsa	italian	noun	science	0
sestetto	sɛstetto	italian	noun	sextet	0
cantare	kantare	italian	verb	sing	0
bene	bɛne	italian	adjective	well	0
sorella	sorɛlla	italian	noun	sister	0
punt	punt	italian	noun	punt	0
lavorare	lavorare	italian	verb	work	0
scherzo	skertso	italian	noun	scherzo	0
lentamente	lɛntamɛnte	italian	adverb	slowly	0
glissando	ɡlisando	italian	noun	glissando	0
quartetto	kwaɾtetto	italian	noun	quartet	0
strada	strada	italian	noun	road	0
alghe	alɡe	italian	noun	algae	0
tenere	tenere	italian	verb	keep	0
falsetto	falsetto	italian	noun	falsetto	0
piccolo	pikkolo	italian	adjective	little	0
finestra	finɛstra	italian	noun	window	0
diventare	diventare	italian	verb	become	0
internazionale	internattsjonale	italian	noun	international	0
prateria	prateria	italian	noun	prairie	0
rimorchiatore	rimorkatore	italian	noun	tugboat	0
sotto	sotto	italian	function	below	0
altro	altro	italian	adjective	other	0
gentile	dʒentile	italian	adjective	kind	0
neve	neve	italian	noun	snow	0
libro	libro	italian	noun	book	0
per	per	italian	function	for	0
velocemente	velotʃemɛnte	italian	adverb	quickly	0
felice	felitʃe	italian	adjective	happy	0
masso	masso	italian	noun	boulder	0
raccolto	rakkolto	italian	noun	harvest	0
forma	forma	italian	noun	form	0
sinfonia	sinfonia	italian	noun	symphony	0
lontano	lontano	italian	adjective	far	0
passacaglia	passakalja	italian	noun	passacaglia	0
terra	terra	italian	noun	land	0
deserto	dezɛrto	italian	noun	desert	0
re	re	italian	noun	king	0
dovere	dovere	italian	verb	must	0
maestro	maɛstɾo	italian	noun	maestro	0
fortissimo	foɾtisimo	italian	noun	fortissimo	0
quando	kwando	italian	function	when	0
trovare	trovare	italian	verb	find	0
città	tʃitta	italian	noun	city	0
molto	molto	italian	adverb	much	0
dottore	dottore	italian	noun	doctor	0
media	mɛdja	italian	noun	media	0
sostituto	sostituto	italian	noun	ersatz	0
angoscia	aŋɡɔnʃa	italian	noun	angst	0
festival	festival	italian	noun	festival	0
prodotto	prodotto	italian	noun	product	0
pizza	pittsa	italian	noun	pizza	0
mondo	mondo	italian	noun	world	0
ultimo	ultimo	italian	adjective	last	0
gondola	gondola	italian	noun	gondola	0
blu	blu	italian	adjective	blue	0
nero	nero	italian	adjective	black	0
duetto	duetto	italian	noun	duet	0
potere	potere	italian	verb	can	0
divano	divano	italian	noun	sofa	0
poggio	poddʒo	italian	noun	butte	0
gatto	ɡatto	italian	noun	cat	0
giorno	dʒorno	italian	noun	day	0
farebbe	farɛbbe	italian	verb	would	0
che	ke	italian	function	than	0
altopiano	altopjano	italian	noun	plateau	0
amico	amiko	italian	noun	friend	0
pennichella	pɛnnɪkɛlla	italian	noun	siesta	0
iceberg	aitsberg	italian	noun	iceberg	0
ingenuo	indʒɛnwo	italian	adjective	naïve	0
notte	nɔtte	italian	noun	night	0
quintetto	kwintetto	italian	noun	quintet	0
no	no	italian	function	no	0
nuovo	nwɔvo	italian	adjective	new	0
circa	tʃirka	italian	function	about	0
ancora	aŋkora	italian	adverb	yet	0
posare	posare	italian	verb	lay	0
entrambi	entrambi	italian	function	both	0
rondò	rondo	italian	noun	rondo	0
studente	studente	italian	noun	student	0
muro	muro	italian	noun	wall	0
donna	dɔnna	italian	noun	woman	0
coda	koda	italian	noun	coda	0
improvvisazione	impɾovizattsjone	italian	noun	improvisation	0
pochi	pɔki	italian	adverb	few	0
fuga	fuga	italian	noun	fugue	0
arpeggio	aɾpeddʒo	italian	noun	arpeggio	0
pesce	peʃe	italian	noun	fish	0
ghiaccio	ɡjatʃo	italian	noun	ice	0
buongustaio	bwɔŋɡwastajo	italian	noun	gourmet	0
cavallo	kavallo	italian	noun	horse	0
con	kon	italian	function	with	0
figlio	fiʎʎo	italian	noun	son	0
presto	presto	italian	adverb	early	0
disco	disko	italian	noun	disco	0
mettere	mettere	italian	verb	put	0
marrone	marone	italian	adjective	brown	0
animale	animale	italian	noun	animal	0
sonata	sonata	italian	noun	sonata	0
cosa	kɔza	italian	function	what	0
vero	vɛro	italian	adjective	true	0
lungo	luŋɡo	italian	adjective	long	0
fresco	fresko	italian	adjective	cool	0
studio	studjo	italian	noun	studio	0
comprare	komprare	italian	verb	buy	0
inno	inno	italian	noun	hymn	0
allora	allora	italian	function	then	0
tardi	tardi	italian	adjective	late	0
manuale	manuale	italian	noun	manual	0
cucina	kutʃina	italian	noun	cuisine	0
turista	turista	italian	noun	tourist	0
contro	kontro	italian	function	against	0
libero	libero	italian	adjective	free	0
testa	testa	italian	noun	head	0
noi	noi	italian	function	we	0
o	o	italian	function	or	0
capesante	kapesante	italian	noun	scallop	0
lasciare	laʃʃare	italian	verb	let	0
bocca	bɔkka	italian	noun	mouth	0
rimanere	rimanere	italian	verb	stay	0
correre	korrere	italian	verb	run	0
cantata	kantata	italian	noun	cantata	0
polpo	polpo	italian	noun	octopus	0
lasciare cadere	laʃʃarekadere	italian	verb	drop	0
aragosta	araɡosta	italian	noun	lobster	0
erba	ɛrba	italian	noun	grass	0
visione	vizjone	italian	noun	vision	0
capriccio	kaprittʃo	italian	noun	capriccio	0
cadenza	kadɛntsa	italian	noun	cadenza	0
di nuovo	dinwɔvo	italian	adverb	again	0
chiaro	kjaro	italian	adjective	clear	0
oro	oro	italian	function	gold	0
inferno	infɛrno	italian	noun	inferno	0
riunione	rjunjone	italian	noun	meeting	0
valzer	valtsɛɾ	italian	noun	waltz	0
sempre	sɛmpre	italian	adverb	always	0
lui	lui	italian	function	he	0
tavolo	tavolo	italian	noun	table	0
bordo	bordo	italian	function	edge	0
viso	viso	italian	noun	face	0
volere	volere	italian	verb	want	0
facciata	fatʃata	italian	noun	façade	0
caldo	kaldɔ	italian	adjective	hot	0
impostare	impostare	italian	verb	set	0
mio	mio	italian	function	my	0
venire	venire	italian	verb	come	0
stare in piedi	stareinpjɛdi	italian	verb	stand	0
discorso	diskɔrso	italian	noun	spiel	0
madrigale	madrigale	italian	noun	madrigal	0
giunca	dʒunka	italian	noun	junk	0
diminuendo	diminwendo	italian	noun	diminuendo	0
sapere	sapere	italian	verb	know	0
braccio	bratʃo	italian	noun	arm	0
rispondere	rispondere	italian	verb	answer	0
mela	mɛla	italian	noun	apple	0
riempire	rjempire	italian	verb	fill	0
chiatta	kjatta	italian	noun	barge	0
loro	loro	italian	function	them	0
pioggia	pjɔdʒa	italian	noun	rain	0
acqua	akkwa	italian	noun	water	0
loro	loro	italian	function	they	0
granchio	ɡrankjo	italian	noun	crab	0
ristorante	ristorante	italian	noun	restaurant	0
medusa	meduza	italian	noun	jellyfish	0
quasi	kwazi	italian	adverb	almost	0
che	ke	italian	function	that	0
su	su	italian	function	up	0
in	in	italian	function	into	0
funzione	funtsjone	italian	noun	function	0
combattere	kombattere	italian	verb	fight	0
cane	kane	italian	noun	dog	0
nazione	nattsjone	italian	noun	nation	0
scuro	skuro	italian	adjective	dark	0
e	e	italian	function	and	0
tetto	tɛto	italian	noun	roof	0
molti	molti	italian	adjective	many	0
usare	uzare	italian	verb	use	0
prendere	prendtʃɛre	italian	verb	take	0
anche	aŋke	italian	adverb	too	0
se	se	italian	function	if	0
intorno	intorno	italian	function	around	0
radio	radjo	italian	noun	radio	0
delinquente	delinkwente	italian	noun	thug	0
sole	sole	italian	noun	sun	0
camicia	kamitʃa	italian	noun	shirt	0
attraverso	attravɛrso	italian	function	through	0
rum	rum	italian	noun	rum	0
guardare	ɡwardare	italian	verb	look	0
cappella	kapella	italian	noun	cappella	0
pulito	pulito	italian	adjective	clean	0
amore	amore	italian	verb	love	0
tu	tu	italian	function	you	0
sembrare	sembrare	italian	verb	seem	0
fiore	fjore	italian	noun	flower	0
cappuccino	kapputtʃino	italian	noun	cappuccino	0
sì	si	italian	function	yes	0
camminata	kamminata	italian	verb	walk	0
tenere	tenere	italian	verb	hold	0
alga marina	alɡamarina	italian	noun	seaweed	0
suite	switɛ	italian	noun	suite	0
trio	trio	italian	noun	trio	0
cultura	kultura	italian	noun	culture	0
picco	pikko	italian	noun	peak	0
andare	andare	italian	verb	go	0
piazza	pjattsa	italian	noun	plaza	0
costruire	kostruire	italian	verb	build	0
dare	dare	italian	verb	give	0
informazione	informatsjone	italian	noun	information	0
lavoro	lavoro	italian	noun	work	0
pavimento	pavimento	italian	noun	floor	0
pieno	pjɛno	italian	adjective	full	0
presto	presto	italian	adverb	soon	0
memoria	memorja	italian	noun	memory	0
vivere	vivere	italian	verb	live	0
industria	industrja	italian	noun	industry	0
ciaccona	tʃakkona	italian	noun	chaconne	0
asilo	azilo	italian	noun	kindergarten	0
condurre	kondurre	italian	verb	lead	0
oratorio	oratorio	italian	noun	oratorio	0
colore	kolore	italian	noun	color	0
fare	fare	italian	verb	do	0
chiamare	kjamare	italian	verb	call	0
alcuni	alkuni	italian	function	some	0
buono	bwɔno	italian	adjective	good	0
leggere	lɛddʒere	italian	verb	read	0
caffè	kaffe	italian	noun	coffee	0
zattera	zattera	italian	noun	raft	0
sogno	sɔɲɲo	italian	verb	dream	0
traghetto	tragetto	italian	noun	ferry	0
soprano	sopɾano	italian	noun	soprano	0
cozza	kottsa	italian	noun	mussel	0
ballare	ballare	italian	verb	dance	0
madre	madre	italian	noun	mother	0
pianta	pjanta	italian	noun	plant	0
mano	mano	italian	noun	hand	0
centro	tʃentro	italian	noun	center	0
popolazione	popolattsjone	italian	noun	population	0
spento	spento	italian	adjective	off	0
giovane	dʒovane	italian	adjective	young	0
destro	destro	italian	adjective	right	0
gamba	ɡamba	italian	noun	leg	0
essere	ɛssere	italian	verb	be	0
energia	enerdʒa	italian	noun	energy	0
auto	auto	italian	noun	car	0
tennis	tɛnnis	italian	noun	tennis	0
cucinare	kutʃinare	italian	verb	cook	0
incrociatore	inkrotsatore	italian	noun	cruiser	0
padre	padre	italian	noun	father	0
girare	dʒirare	italian	verb	turn	0
entroterra	entroterra	italian	noun	hinterland	0
presto	pɾɛsto	italian	noun	presto	0
fratello	fratɛllo	italian	noun	brother	0
sinistra	sinistra	italian	adjective	left	0
orchestrazione	oɾkestrattsjone	italian	noun	orchestration	0
mostrare	mostrare	italian	verb	show	0
tirare	tirare	italian	verb	pull	0
moto d'acqua	motodakwa	italian	noun	jetski	0
morto	morto	italian	adjective	dead	0
sudoku	sudoku	portuguese	noun	sudoku	1
trio	tɾiu	portuguese	noun	trio	1
improvisação	ĩpɾɔvizasãw	portuguese	noun	improvisation	1
kabuki	kabuki	portuguese	noun	kabuki	1
wok	wɔk	portuguese	noun	wok	1
oratório	oɾatɔɾiu	portuguese	noun	oratorio	1
xogum	ʃogũ	portuguese	noun	shogun	1
samurai	samuɾaj	portuguese	noun	samurai	1
plâncton	plɐ̃ktõ	portuguese	noun	plankton	1
foto	fotu	portuguese	noun	photo	1
fuga	fugɐ	portuguese	noun	fugue	1
algodão	awɡodɐ̃w̃	portuguese	noun	cotton	1
lagoa	laɡɔɐ	portuguese	noun	lagoon	1
tequila	tɛkila	portuguese	noun	tequila	1
jet ski	ʒɛtski	portuguese	noun	jetski	1
panda	pɐ̃dɐ	portuguese	noun	panda	1
zero	zeɾu	portuguese	noun	zero	1
bolero	boleɾu	portuguese	noun	bolero	1
futon	futõ	portuguese	noun	futon	1
sampana	sãpanɐ	portuguese	noun	sampan	1
emoção	emosãw	portuguese	noun	emotion	1
catamarã	katamaɾɐ̃	portuguese	noun	catamaran	1
karaokê	kaɾaokɛ	portuguese	noun	karaoke	1
economia	ekonomiɐ	portuguese	noun	economy	1
brandy	bɾɐ̃dʒi	portuguese	noun	brandy	1
soul	sol	portuguese	noun	soul	1
madrigal	madɾigaɫ	portuguese	noun	madrigal	1
emoji	emodʒi	portuguese	noun	emoji	1
suíte	switʃi	portuguese	noun	suite	1
capivara	kapivaɾɐ	portuguese	noun	capybara	1
violino	viulinu	portuguese	noun	violin	1
hip hop	hiphɔp	portuguese	noun	hip_hop	1
chocolate	ʃokolatʃi	portuguese	noun	chocolate	1
lámen	lamẽ	portuguese	noun	ramen	1
dueto	duetu	portuguese	noun	duet	1
coala	koalɐ	portuguese	noun	koala	1
quesadilla	kɛzadʒiʎɐ	portuguese	noun	quesadilla	1
microfone	mikɾufoni	portuguese	noun	microphone	1
allegro	alɛɡɾu	portuguese	noun	allegro	1
tarantela	taɾɐ̃tɛlɐ	portuguese	noun	tarantella	1
presto	pɾɛstu	portuguese	noun	presto	1
cabaré	kɐbaɾe	portuguese	noun	cabaret	1
piano	pjanu	portuguese	noun	piano	1
balé	bale	portuguese	noun	ballet	1
burlesco	buɾlɛsku	portuguese	noun	burlesque	1
sardana	saɾdanɐ	portuguese	noun	sardana	1
solista	sulistɐ	portuguese	noun	soloist	1
anoraque	anɔɾakɨ	portuguese	noun	anorak	1
merengue	meɾẽɡi	portuguese	noun	merengue	1
lied	ljɛtʃ	portuguese	noun	lied	1
reggae	ʁeɡe	portuguese	noun	reggae	1
sevillana	seviʎɐnɐ	portuguese	noun	sevillana	1
decoração	desekoɾasãw	portuguese	noun	décor	1
legato	leɡatu	portuguese	noun	legato	1
cha-cha-chá	tʃatʃaʃa	portuguese	noun	cha_cha	1
problema	pɾoblema	portuguese	noun	problem	1
réquiem	ʁɛkjem	portuguese	noun	requiem	1
anêmona	anemɔnɐ	portuguese	noun	anemone	1
método	mɛtodu	portuguese	noun	method	1
haicai	haikaj	portuguese	noun	haiku	1
estreia	istɾejɐ	portuguese	noun	premiere	1
internet	ĩtɛɾnɛtʃi	portuguese	noun	internet	1
caiaque	kajaki	portuguese	noun	kayak	1
fotografia	fotogɾafja	portuguese	noun	photograph	1
lhama	ʎɐmɐ	portuguese	noun	llama	1
trimarã	tɾimaɾɐ̃	portuguese	noun	trimaran	1
dhow	daw	portuguese	noun	dhow	1
ovação	ovasãw	portuguese	noun	ovation	1
origami	oɾiɡami	portuguese	noun	origami	1
chacona	ʃakɔnɐ	portuguese	noun	chaconne	1
estepe	ɛstɛpi	portuguese	noun	steppe	1
shiatsu	ɕiatsu	portuguese	noun	shiatsu	1
kendô	kẽdo	portuguese	noun	kendo	1
pianíssimo	pjanisĩmu	portuguese	noun	pianissimo	1
mazurca	mazuɾkɐ	portuguese	noun	mazurka	1
duna	dunɐ	portuguese	noun	dune	1
estúdio	istudʒiu	portuguese	noun	studio	1
ferry	fɛɾi	portuguese	noun	ferry	1
matinê	matine	portuguese	noun	matinée	1
nacho	naʃu	portuguese	noun	nacho	1
sexteto	sekstetu	portuguese	noun	sextet	1
rumba	ʁũbɐ	portuguese	noun	rumba	1
algoritmo	algɔɾitmu	portuguese	noun	algorithm	1
iceberg	isbɛɾɡi	portuguese	noun	iceberg	1
gêiser	ʒejzeɾ	portuguese	noun	geyser	1
caratê	kaɾate	portuguese	noun	karate	1
motivo	motʃivu	portuguese	noun	motif	1
zen	zẽ	portuguese	noun	zen	1
grunge	gɾʌndʒ	portuguese	noun	grunge	1
tempurá	tẽpuɾa	portuguese	noun	tempura	1
missô	miso	portuguese	noun	miso	1
vodka	vodkɐ	portuguese	noun	vodka	1
punk	pʌnk	portuguese	noun	punk	1
mesa	mezɐ	portuguese	noun	mesa	1
septeto	septetu	portuguese	noun	septet	1
álgebra	alʒebɾa	portuguese	noun	algebra	1
açúcar	asukaɾ	portuguese	noun	sugar	1
material	matɛɾjaw	portuguese	noun	material	1
mojo	moʒu	portuguese	noun	mojo	1
virtuoso	viɾtuwuzu	portuguese	noun	virtuoso	1
marimba	maɾĩbɐ	portuguese	noun	marimba	1
bonança	bonɐ̃sɐ	portuguese	noun	bonanza	1
tenor	tɛnɔɾ	portuguese	noun	tenor	1
barracuda	baʁakudɐ	portuguese	noun	barracuda	1
tundra	tũdɾɐ	portuguese	noun	tundra	1
largo	laɾɡu	portuguese	noun	largo	1
zebra	zebɾa	portuguese	noun	zebra	1
crescendo	kɾɛʃẽdu	portuguese	noun	crescendo	1
rock	ɾɔk	portuguese	noun	rock	1
yin yang	jinjãŋ	portuguese	noun	yin_yang	1
alemanda	alɨmɐ̃dɐ	portuguese	noun	allemande	1
cobra	kɔbɾɐ	portuguese	noun	cobra	1
noturno	notuɾnu	portuguese	noun	nocturne	1
magnata	maɲɲatɐ	portuguese	noun	tycoon	1
capricho	kapɾiku	portuguese	noun	capriccio	1
quarteto	kwaɾtetu	portuguese	noun	quartet	1
guerrilheiro	ɡeʁiʎeɾu	portuguese	noun	guerrilla	1
sumô	sumo	portuguese	noun	sumo	1
comédia	komɛdʒiɐ	portuguese	noun	comedy	1
tênis	tɛnjs	portuguese	noun	tennis	1
bravo	bɾavu	portuguese	adverb	bravo	1
punt	pũtʃi	portuguese	noun	punt	1
pinguim	pĩɡĩ	portuguese	noun	penguin	1
submarino	submaɾinu	portuguese	noun	submarine	1
banana	bananɐ	portuguese	noun	banana	1
habanera	abaneɾɐ	portuguese	noun	habanera	1
schadenfreude	ʃadɛnˌfʁɔʏdə	portuguese	noun	schadenfreude	1
scherzo	skeɾtsu	portuguese	noun	scherzo	1
ioga	jɔga	portuguese	noun	yoga	1
poncho	põʃu	portuguese	noun	poncho	1
coro	koɾu	portuguese	noun	chorus	1
tarântula	taɾɐ̃tulɐ	portuguese	noun	tarantula	1
polca	pɔlkɐ	portuguese	noun	polka	1
zouk	zuk	portuguese	noun	zouk	1
galeão	ɡaleɐ̃w	portuguese	noun	galleon	1
sonata	sonatɐ	portuguese	noun	sonata	1
saquê	saki	portuguese	noun	sake	1
burrito	buʁitu	portuguese	noun	burrito	1
computador	komputadoɾ	portuguese	noun	computer	1
prelúdio	pɾeludiu	portuguese	noun	prelude	1
alpaca	alpaka	portuguese	noun	alpaca	1
quinteto	kĩtetu	portuguese	noun	quintet	1
ideia	idejɐ	portuguese	noun	idea	1
variação	vaɾjasãw	portuguese	noun	variation	1
rondó	ʁõdɔ	portuguese	noun	rondo	1
cumbia	kũmbjɐ	portuguese	noun	cumbia	1
taiga	tajɡɐ	portuguese	noun	taiga	1
telefone	tɛlɛfoni	portuguese	noun	telephone	1
sofá	sofa	portuguese	noun	sofa	1
blues	bluz	portuguese	noun	blues	1
salmo	sawmu	portuguese	noun	psalm	1
bicicleta	bisikletɐ	portuguese	noun	bicycle	1
mariachi	maɾiatʃi	portuguese	noun	mariachi	1
jazz	ʒæz	portuguese	noun	jazz	1
iglu	iglu	portuguese	noun	igloo	1
riquixá	ʁikiʃa	portuguese	noun	rickshaw	1
vallenato	vajenatu	portuguese	noun	vallenato	1
avatar	avataɾ	portuguese	noun	avatar	1
canoa	kanɔɐ	portuguese	noun	canoe	1
calipso	kalipsu	portuguese	noun	calypso	1
helicóptero	ɛlikoptɛɾu	portuguese	noun	helicopter	1
música	muzikɐ	portuguese	noun	music	1
interlúdio	ĩteɾludiu	portuguese	noun	interlude	1
uísque	wiski	portuguese	noun	whiskey	1
quimono	kimonu	portuguese	noun	kimono	1
taco	taku	portuguese	noun	taco	1
fado	fadu	portuguese	noun	fado	0
jovem	ʒovẽj	portuguese	adjective	young	0
criança prodígio	kɾiɐ̃sɐpɾodʒiu	portuguese	noun	wunderkind	0
ouriço-do-mar	oɾisudumaɾ	portuguese	noun	urchin	0
justiça	ʒuʃsɐ	portuguese	noun	justice	0
sol	sɔw	portuguese	noun	sun	0
deixar	dejʃaʁ	portuguese	verb	let	0
destruidor	dɛstɾuidoɾ	portuguese	noun	destroyer	0
coração	koɾasãw	portuguese	noun	heart	0
encontrar	ẽkõtʁaʁ	portuguese	verb	meet	0
escuna	eskunɐ	portuguese	noun	schooner	0
carnaval	kaɾnɐvaw	portuguese	noun	carnival	0
novo	novu	portuguese	adjective	new	0
velho	veʎu	portuguese	adjective	old	0
poder	podeɾ	portuguese	verb	can	0
algas	aɫɡɐs	portuguese	noun	algae	0
escuro	eskuɾu	portuguese	adjective	dark	0
casa	kaza	portuguese	noun	house	0
olho	oʎu	portuguese	noun	eye	0
encher	ẽʃeɾ	portuguese	verb	fill	0
urso	uʁsu	portuguese	noun	bear	0
desenhar	dizẽɲaɾ	portuguese	verb	draw	0
cais	kajʃ	portuguese	noun	pier	0
fim	fĩ	portuguese	noun	end	0
muito	mũitu	portuguese	adverb	much	0
rapidamente	ʁapidamẽtʃi	portuguese	adverb	quickly	0
apanhar	apaɲaɾ	portuguese	verb	catch	0
dever	devɛʁ	portuguese	verb	must	0
turista	tuɾistɐ	portuguese	noun	tourist	0
cair	kajɾ	portuguese	verb	fall	0
vento	vẽtu	portuguese	noun	wind	0
ele	ɛli	portuguese	function	he	0
tentar	tẽtaɾ	portuguese	verb	try	0
chamar	ʃamaɾ	portuguese	verb	call	0
por	poɾ	portuguese	function	by	0
ligação	ligasãw	portuguese	noun	liaison	0
nuvem	nuvẽ	portuguese	noun	cloud	0
amor	amoɾ	portuguese	verb	love	0
momento	momẽtu	portuguese	noun	moment	0
claro	klaɾu	portuguese	adjective	clear	0
irmã	iʁmãj	portuguese	noun	sister	0
responder	ʁespõdeɾ	portuguese	verb	answer	0
entender	ẽtẽdeɾ	portuguese	verb	understand	0
vulcão	vukwãw̃	portuguese	noun	volcano	0
abrir	abɾiɾ	portuguese	verb	open	0
fraco	fɾaku	portuguese	adjective	weak	0
sapato	sapatu	portuguese	noun	shoe	0
o	u	portuguese	function	the	0
restaurante	ʁestauʁɐ̃tʃi	portuguese	noun	restaurant	0
bom	bõ	portuguese	adjective	good	0
braço	bɾasu	portuguese	noun	arm	0
água-viva	agwavivɐ	portuguese	noun	jellyfish	0
preto	pɾetu	portuguese	adjective	black	0
nação	nasãw	portuguese	noun	nation	0
embora	ẽboɾɐ	portuguese	function	although	0
próprio	pɾopɾju	portuguese	verb	own	0
dia	d͡ʒiɐ	portuguese	noun	day	0
dormir	doʁmiʁ	portuguese	verb	sleep	0
nariz	naɾiz	portuguese	noun	nose	0
areia	aɾejɐ	portuguese	noun	sand	0
osso	osu	portuguese	noun	bone	0
parar	paɾaʁ	portuguese	verb	stop	0
abaixo	abaiʃu	portuguese	function	below	0
seixo	sejʃu	portuguese	noun	pebble	0
em	ẽ	portuguese	function	into	0
ler	leɾ	portuguese	verb	read	0
vigilante	viʒilɐ̃tʃi	portuguese	noun	vigilante	0
seco	seku	portuguese	adjective	dry	0
feliz	feliz	portuguese	adjective	happy	0
contar	kõtaɾ	portuguese	verb	count	0
professor	pɾofɛsoɾ	portuguese	noun	teacher	0
verdadeiro	veʁdadejɾu	portuguese	adjective	true	0
porto	poɾtu	portuguese	noun	harbor	0
indústria	ĩdustriɐ	portuguese	noun	industry	0
eram	eɾɐ̃j	portuguese	verb	were	0
hoje	oʒi	portuguese	noun	today	0
cada	kadɐ	portuguese	function	each	0
minuto	minutu	portuguese	noun	minute	0
isto	istu	portuguese	function	this	0
manter	mãteʁ	portuguese	verb	keep	0
nome	nomi	portuguese	noun	name	0
saber	sabɛʁ	portuguese	verb	know	0
corpo	kɔɾpu	portuguese	noun	body	0
beber	bebeɾ	portuguese	verb	drink	0
ouvir	owviɾ	portuguese	verb	listen	0
queimar	kejmaɾ	portuguese	verb	burn	0
crista	kɾistɐ	portuguese	noun	ridge	0
tu	tu	portuguese	function	you	0
culinária	kulinaɾjɐ	portuguese	noun	cuisine	0
caranguejo	kaɾɐ̃ɡeʒu	portuguese	noun	crab	0
encosta	ẽkɔstɐ	portuguese	noun	slope	0
inteligência	iteliʒẽsjɐ	portuguese	noun	intelligence	0
tempo	tẽpu	portuguese	noun	time	0
janela	ʒanɛla	portuguese	noun	window	0
universidade	univeɾsidadʒi	portuguese	noun	university	0
mundo	mũdu	portuguese	noun	world	0
margem	maɾʒẽj	portuguese	noun	shore	0
cavar	kavaɾ	portuguese	verb	dig	0
pé	pej	portuguese	noun	foot	0
comprar	kõpɾaɾ	portuguese	verb	buy	0
planalto	plɐnaltu	portuguese	noun	plateau	0
cozinhar	koziɲaɾ	portuguese	verb	cook	0
colheita	kolhejtɐ	portuguese	noun	harvest	0
verde	veɾdʒi	portuguese	adjective	green	0
filho	fiʎu	portuguese	noun	son	0
sobre	sobɾi	portuguese	function	about	0
camarão	kamaɾãw	portuguese	noun	shrimp	0
pradaria	pɾadaɾiɐ	portuguese	noun	prairie	0
quem	kẽj	portuguese	function	who	0
muitos	mũitus	portuguese	adjective	many	0
mais	majʃ	portuguese	adverb	more	0
internacional	ĩtɛʁnasjõnaw	portuguese	noun	international	0
cavalo	kavalu	portuguese	noun	horse	0
polvo	pɔlvu	portuguese	noun	octopus	0
parecer	paɾeseʁ	portuguese	verb	seem	0
limpo	lĩpu	portuguese	adjective	clean	0
em torno de	ẽtoɾnudʒi	portuguese	function	around	0
obter	obteɾ	portuguese	verb	get	0
maçã	masã	portuguese	noun	apple	0
viver	viveʁ	portuguese	verb	live	0
estudante	istudɐ̃tʃi	portuguese	noun	student	0
colchão	kuʎɐ̃w̃	portuguese	noun	mattress	0
tomar	tomɐʁ	portuguese	verb	take	0
animal	animaw	portuguese	noun	animal	0
boca	boka	portuguese	noun	mouth	0
rebocador	ʁebokadoɾ	portuguese	noun	tugboat	0
veleiro	vɛlejɾu	portuguese	noun	sailboat	0
isso	isu	portuguese	function	it	0
cinco	sĩku	portuguese	adjective	five	0
metal	metaw	portuguese	noun	metal	0
ter	teɾ	portuguese	verb	have	0
de	dʒi	portuguese	function	of	0
proibido	pɾojbidu	portuguese	verb	verboten	0
artista	aɾtʃistɐ	portuguese	noun	artist	0
leite	lejti	portuguese	noun	milk	0
puxar	puʃaʁ	portuguese	verb	pull	0
mãe	mãj	portuguese	noun	mother	0
não	nãw	portuguese	function	not	0
angústia	ãɡustiɐ	portuguese	noun	angst	0
ajudar	aʒudaɾ	portuguese	verb	help	0
rum	ʁũ	portuguese	noun	rum	0
cadeira	kadejɾa	portuguese	noun	chair	0
caneta	kaneta	portuguese	noun	pen	0
instrumento	istɾumẽtu	portuguese	noun	instrument	0
estudo	ɛstudu	portuguese	noun	étude	0
olhar	oʎaʁ	portuguese	verb	look	0
mas	mas	portuguese	function	but	0
livro	livɾu	portuguese	noun	book	0
ou	ow	portuguese	function	or	0
sangue	sãɡi	portuguese	noun	blood	0
praça	pɾasɐ	portuguese	noun	plaza	0
faria	faɾiɐ	portuguese	verb	would	0
kizomba	kizõmbɐ	portuguese	noun	kizomba	0
pular	pulaɾ	portuguese	verb	jump	0
aqui	aki	portuguese	function	here	0
capital	kɐpitaw	portuguese	noun	capital	0
longe	lõɡi	portuguese	function	away	0
gentil	ʒẽtʃiw	portuguese	adjective	kind	0
cultura	kuwtuɾɐ	portuguese	noun	culture	0
muito	muito	portuguese	adverb	very	0
interior	ĩteɾioɾ	portuguese	noun	hinterland	0
poucos	pokus	portuguese	adverb	few	0
jangada	ʒãgadɐ	portuguese	noun	raft	0
alga marinha	aɫɡɐmaɾiɲɐ	portuguese	noun	seaweed	0
cabelo	kabelo	portuguese	noun	hair	0
lá	la	portuguese	function	there	0
cavalo-marinho	kavalumaɾiɲu	portuguese	noun	seahorse	0
nunca	nũkɐ	portuguese	adverb	never	0
mão	mãw	portuguese	noun	hand	0
ver	veʁ	portuguese	verb	see	0
assim	asĩ	portuguese	function	so	0
situação	situɐsãw	portuguese	noun	situation	0
em	ẽ	portuguese	function	at	0
grande	gɾɐ̃dʒi	portuguese	adjective	large	0
ficar	fikaʁ	portuguese	verb	stay	0
currículo	kuʁikulu	portuguese	noun	résumé	0
house	haus	portuguese	noun	house	0
pegar	peɡaɾ	portuguese	verb	take	0
geleira	ʒelɐjɾɐ	portuguese	noun	glacier	0
doutor	doutoɾ	portuguese	noun	doctor	0
enseada	ẽseadɐ	portuguese	noun	cove	0
voar	voaɾ	portuguese	verb	fly	0
mover	moveʁ	portuguese	verb	move	0
mapa	mapɐ	portuguese	noun	map	0
girar	ʒiɾaɾ	portuguese	verb	turn	0
para	paɾa	portuguese	function	for	0
triste	tɾistʃi	portuguese	adjective	sad	0
super	supeɾ	portuguese	noun	uber	0
dizer	dʒizeʁ	portuguese	verb	say	0
qual	kwaɫ	portuguese	function	which	0
acreditar	akɾeditaɾ	portuguese	verb	believe	0
em	ẽ	portuguese	function	in	0
pote	poti	portuguese	noun	jar	0
perto	peʁtu	portuguese	function	near	0
pesado	pezadu	portuguese	adjective	heavy	0
pode	podʒi	portuguese	verb	may	0
chuva	ʃuva	portuguese	noun	rain	0
estragado	istɾɐɡadu	portuguese	noun	kaput	0
vir	viɾ	portuguese	verb	come	0
ambos	ãbus	portuguese	function	both	0
estudar	istudaɾ	portuguese	verb	study	0
opinião	opinjãw	portuguese	noun	opinion	0
baixo	bajʃu	portuguese	adjective	low	0
sentir	sẽtʃiɾ	portuguese	verb	feel	0
com	kõ	portuguese	function	with	0
comida	komidɐ	portuguese	noun	food	0
ao longo de	awlõɡʊdʒi	portuguese	function	along	0
correr	koʁeʁ	portuguese	verb	run	0
lentamente	lẽtamẽtʃi	portuguese	adverb	slowly	0
organização	oɾɡanizasãw	portuguese	noun	organization	0
depois	dɨpojs	portuguese	function	after	0
era	eɾa	portuguese	verb	was	0
grama	gɾɐmɐ	portuguese	noun	grass	0
longe	lõɡi	portuguese	adjective	far	0
sozinho	sozĩɲu	portuguese	adjective	alone	0
quente	kẽtʃi	portuguese	adjective	warm	0
ostra	ɔstɾɐ	portuguese	noun	oyster	0
manual	manwaɫ	portuguese	noun	manual	0
tubarão	tubaɾãw	portuguese	noun	shark	0
deserto	dezɛɾtu	portuguese	noun	desert	0
nosso	nɔsu	portuguese	function	our	0
rádio	ʁadʒju	portuguese	noun	radio	0
eu	ew	portuguese	function	i	0
bem	bẽj	portuguese	adjective	well	0
cobrir	kubɾiɾ	portuguese	verb	cover	0
não	nãw	portuguese	function	no	0
crescer	kɾesseɾ	portuguese	verb	grow	0
segurar	seguʁaʁ	portuguese	verb	hold	0
fazer	fazeɾ	portuguese	verb	do	0
borda	bɔɾdɐ	portuguese	function	edge	0
cabeça	kabesɐ	portuguese	noun	head	0
estabelecer	istabeɫeseʁ	portuguese	verb	set	0
rotisseria	ʁotiseɾiɐ	portuguese	noun	delicatessen	0
marrom	maʁõ	portuguese	adjective	brown	0
gênero	ʒɛnɛɾu	portuguese	noun	genre	0
revista	ʁevistɐ	portuguese	noun	magazine	0
alguns	awgũjs	portuguese	function	some	0
quebrar	kebɾaɾ	portuguese	verb	break	0
gordo	ɡɔʁdu	portuguese	adjective	fat	0
jardim de infância	ʒaʁdʒĩdʒĩfãsiɐ	portuguese	noun	kindergarten	0
cama	kama	portuguese	noun	bed	0
sentar	sẽtaɾ	portuguese	verb	sit	0
rir	ʁiʁ	portuguese	verb	laugh	0
seguir	seɡiɾ	portuguese	verb	follow	0
liderar	lideʁaʁ	portuguese	verb	lead	0
escola	eskɔlɐ	portuguese	noun	school	0
quatro	kwatɾu	portuguese	adjective	four	0
conjunto	kõʒũtu	portuguese	noun	ensemble	0
penhasco	peɲasku	portuguese	noun	cliff	0
que	ki	portuguese	function	that	0
memória	memoɾjɐ	portuguese	noun	memory	0
ravina	ʁavina	portuguese	noun	ravine	0
gato	gatu	portuguese	noun	cat	0
sair	sajʁ	portuguese	verb	leave	0
porta	pɔɾta	portuguese	noun	door	0
aprender	apɾẽdeɾ	portuguese	verb	learn	0
